,服务月数tenure,年龄age,婚姻状况marital,地址居住年数address,家庭收入income,受教育水平ed,现职位工作年数employ,是否退休retire,性别gender,家庭人数reside,免费电话服务tollfree,设备租赁equip,电话卡服务callcard,无线服务wireless,上月长途longmon,上月免费电话tollmon,上月设备equipmon,上月电话卡cardmon,上月无线wiremon,多线路multline,语音邮件voice,寻呼服务pager,互联网internet,来电显示callid,呼叫等待callwait,呼叫转移forward,是否支持电话会议confer,是否支持电子凭证ebill,客户类别custcat,是否流失churn
0,13.0,44.0,已婚,9.0,64.0,大学学位,5.0,是,男,2.0,否,否,是,否,3.7,0.0,0.0,7.5,0.0,否,否,否,否,否,否,是,否,否,基础服务,是
1,11.0,33.0,已婚,7.0,136.0,研究生学位,5.0,是,男,6.0,是,否,是,是,4.4,20.75,0.0,15.25,35.7,否,是,是,否,是,是,是,是,否,总服务,是
2,68.0,52.0,已婚,24.0,,未完成中学学历,29.0,是,女,2.0,是,否,是,否,18.15,18.0,0.0,30.25,0.0,否,否,否,否,是,是,否,是,否,附加服务,否
3,33.0,33.0,未婚,12.0,33.0,中学学历,0.0,是,女,1.0,否,否,否,否,9.45,0.0,0.0,0.0,0.0,否,否,否,否,否,否,否,否,否,基础服务,是
4,23.0,30.0,已婚,9.0,30.0,未完成中学学历,,,男,4.0,否,否,否,否,6.3,0.0,0.0,0.0,0.0,否,否,否,否,是,否,是,是,否,附加服务,否
5,41.0,39.0,未婚,17.0,78.0,中学学历,16.0,是,女,1.0,是,否,是,否,11.8,19.25,0.0,13.5,0.0,否,否,否,否,是,是,否,否,否,附加服务,否
6,45.0,22.0,已婚,2.0,19.0,中学学历,4.0,是,女,5.0,否,否,是,否,10.9,0.0,0.0,8.75,0.0,是,否,否,是,否,是,否,否,是,电子服务,是
7,38.0,35.0,未婚,5.0,76.0,中学学历,,是,男,3.0,是,是,是,是,6.05,45.0,50.1,23.25,64.9,是,是,是,是,是,是,是,是,是,总服务,否
8,45.0,59.0,已婚,7.0,166.0,大学学位,31.0,是,男,5.0,是,否,是,否,9.75,28.5,0.0,12.0,0.0,是,否,否,否,是,是,是,是,否,附加服务,否
9,68.0,41.0,已婚,21.0,72.0,未完成中学学历,22.0,是,男,3.0,否,否,是,否,24.15,0.0,0.0,16.5,0.0,是,否,否,否,否,否,否,否,否,电子服务,否
10,5.0,,未婚,10.0,125.0,大学学位,5.0,是,女,1.0,否,是,否,否,4.85,0.0,26.15,0.0,0.0,否,否,是,是,否,否,否,否,是,基础服务,是
11,7.0,35.0,未婚,14.0,80.0,中学学历,15.0,是,女,1.0,是,否,是,否,7.1,22.0,0.0,23.75,0.0,否,是,否,否,是,是,是,是,否,附加服务,否
12,41.0,38.0,已婚,8.0,37.0,中学学历,9.0,是,女,3.0,否,否,是,否,8.55,0.0,0.0,41.75,0.0,否,否,否,否,否,否,否,否,否,基础服务,否
13,57.0,54.0,已婚,30.0,,大学学位,23.0,是,女,3.0,是,是,否,是,15.6,46.25,46.7,0.0,61.05,是,是,是,是,是,是,是,是,是,总服务,是
14,9.0,46.0,未婚,3.0,25.0,未完成中学学历,,,女,2.0,否,否,否,否,4.4,0.0,0.0,0.0,0.0,否,否,否,否,否,否,否,否,否,基础服务,否
15,29.0,38.0,已婚,12.0,75.0,研究生学位,1.0,是,男,4.0,否,是,是,否,5.1,0.0,30.25,11.25,0.0,是,否,否,是,否,否,否,否,否,电子服务,否
16,60.0,57.0,未婚,38.0,162.0,中学学历,30.0,是,男,1.0,是,是,是,否,16.15,29.75,31.3,30.0,0.0,是,否,否,否,是,是,是,是,否,附加服务,否
17,34.0,48.0,未婚,3.0,,中学学历,6.0,是,女,3.0,是,否,否,否,6.65,18.5,0.0,0.0,0.0,否,否,否,否,否,是,是,是,否,附加服务,否
18,1.0,24.0,未婚,3.0,20.0,未完成中学学历,3.0,是,男,1.0,否,否,否,否,1.05,0.0,0.0,0.0,0.0,否,否,否,否,否,否,否,否,否,基础服务,否
19,26.0,29.0,已婚,,77.0,大学学位,2.0,是,,4.0,否,是,是,是,6.7,0.0,48.1,24.25,38.3,是,是,否,是,是,是,是,是,是,总服务,是
20,6.0,30.0,未婚,,16.0,社区学院,1.0,是,,1.0,否,是,否,是,3.75,0.0,33.8,0.0,18.7,是,否,是,是,否,是,否,否,否,电子服务,是
21,68.0,52.0,已婚,17.0,,未完成中学学历,,是,男,2.0,否,否,是,否,20.7,0.0,0.0,22.0,0.0,否,否,否,否,否,否,是,否,否,基础服务,否
22,53.0,33.0,未婚,10.0,101.0,研究生学位,4.0,是,女,2.0,否,是,是,是,5.3,0.0,49.6,26.75,51.4,是,是,否,是,否,是,是,是,是,总服务,否
23,55.0,48.0,已婚,,67.0,未完成中学学历,25.0,是,,3.0,否,否,是,否,15.05,0.0,0.0,27.25,0.0,否,否,否,否,否,否,否,否,否,基础服务,否
24,14.0,43.0,已婚,18.0,36.0,未完成中学学历,5.0,是,男,5.0,是,否,是,否,12.5,19.75,0.0,18.0,0.0,否,否,否,否,是,是,是,是,否,附加服务,否
25,1.0,21.0,未婚,0.0,,中学学历,0.0,是,女,3.0,是,否,是,否,2.2,20.75,0.0,40.5,0.0,否,否,否,否,否,是,是,是,否,附加服务,否
26,42.0,40.0,未婚,7.0,37.0,中学学历,,,女,1.0,是,是,是,是,8.25,23.5,36.9,28.0,37.4,是,是,否,是,是,是,否,是,是,总服务,否
27,25.0,33.0,已婚,11.0,31.0,未完成中学学历,5.0,是,男,4.0,否,否,否,否,9.1,0.0,0.0,0.0,0.0,是,否,否,否,是,否,是,否,否,附加服务,否
28,9.0,21.0,已婚,1.0,17.0,中学学历,2.0,是,女,3.0,否,否,否,否,2.9,0.0,0.0,0.0,0.0,否,否,否,否,是,否,否,否,否,基础服务,否
29,13.0,33.0,已婚,,19.0,大学学位,0.0,是,女,2.0,否,是,否,否,5.55,0.0,27.35,0.0,0.0,是,否,否,是,否,否,否,是,是,电子服务,否
30,56.0,37.0,已婚,6.0,36.0,未完成中学学历,13.0,是,女,2.0,否,是,是,否,10.6,0.0,31.1,18.25,0.0,是,否,否,是,否,否,否,否,是,电子服务,否
31,71.0,53.0,已婚,27.0,,研究生学位,12.0,是,男,2.0,是,否,是,是,21.0,56.0,0.0,34.0,49.95,是,是,否,是,否,否,是,是,是,总服务,否
32,35.0,50.0,已婚,26.0,140.0,中学学历,,,女,4.0,是,否,是,否,6.5,27.5,0.0,35.0,0.0,否,否,否,否,否,是,是,是,否,附加服务,否
33,11.0,27.0,已婚,,55.0,研究生学位,0.0,是,男,3.0,否,是,否,否,4.8,0.0,19.55,0.0,0.0,是,否,否,是,否,否,否,否,否,电子服务,否
34,60.0,46.0,,13.0,163.0,社区学院,24.0,是,男,2.0,是,是,是,是,33.9,38.25,44.65,13.75,55.25,是,是,是,是,否,是,是,是,是,总服务,否
35,20.0,35.0,已婚,,52.0,大学学位,,,男,,否,是,否,否,4.25,0.0,30.55,0.0,0.0,是,否,否,是,否,否,否,否,是,电子服务,是
36,,60.0,未婚,38.0,211.0,大学学位,25.0,是,男,1.0,是,是,是,是,21.15,39.25,46.35,54.25,54.85,是,是,是,是,是,否,否,是,是,总服务,否
37,44.0,57.0,已婚,1.0,186.0,中学学历,17.0,是,男,2.0,是,否,是,是,9.8,33.5,0.0,36.0,41.65,是,是,否,否,是,是,是,是,否,附加服务,否
38,11.0,41.0,已婚,0.0,39.0,未完成中学学历,1.0,是,女,2.0,是,否,是,否,6.55,29.25,0.0,19.75,0.0,否,是,否,否,是,是,是,是,否,附加服务,是
39,72.0,57.0,未婚,,,中学学历,35.0,否,女,1.0,是,否,是,否,41.75,49.0,0.0,18.75,0.0,是,否,否,否,是,是,是,是,否,附加服务,否
40,10.0,41.0,未婚,,30.0,未完成中学学历,7.0,是,男,1.0,是,否,是,否,2.5,19.25,0.0,53.75,0.0,否,否,否,否,是,是,是,是,否,附加服务,否
41,,28.0,未婚,0.0,29.0,中学学历,4.0,是,,1.0,是,否,是,否,4.25,30.0,0.0,17.75,0.0,否,否,否,否,是,是,是,是,否,附加服务,否
42,,28.0,已婚,4.0,23.0,中学学历,8.0,是,男,5.0,否,否,否,否,6.2,0.0,0.0,0.0,0.0,否,否,否,否,是,否,否,否,否,基础服务,否
43,9.0,36.0,,14.0,62.0,大学学位,10.0,是,男,6.0,否,是,否,是,5.65,0.0,46.75,0.0,48.5,是,是,是,是,否,否,否,是,是,总服务,是
44,64.0,,,20.0,76.0,大学学位,,,女,4.0,是,否,是,否,14.7,18.75,0.0,11.0,0.0,是,否,否,否,是,是,否,是,否,附加服务,否
45,65.0,41.0,,,74.0,大学学位,16.0,是,男,2.0,否,是,是,否,14.5,0.0,37.0,17.0,0.0,是,是,否,是,否,否,否,否,是,电子服务,否
46,49.0,51.0,,27.0,63.0,大学学位,19.0,是,男,5.0,是,否,是,否,12.85,25.75,0.0,14.25,0.0,是,否,否,是,否,是,否,否,是,电子服务,否
47,47.0,41.0,已婚,0.0,36.0,大学学位,8.0,是,男,2.0,否,是,是,是,7.75,0.0,37.45,18.5,38.8,是,否,是,是,否,是,否,是,是,总服务,是
48,9.0,34.0,已婚,9.0,33.0,中学学历,8.0,是,女,4.0,否,是,否,否,2.95,0.0,22.95,0.0,0.0,否,否,否,否,否,否,否,否,否,基础服务,是
49,5.0,36.0,未婚,14.0,29.0,中学学历,9.0,是,女,1.0,是,否,是,是,3.25,31.5,0.0,15.5,26.75,否,否,否,是,是,是,是,是,是,附加服务,是
50,30.0,34.0,已婚,4.0,,中学学历,,,男,5.0,否,是,否,否,6.3,0.0,22.5,0.0,0.0,否,否,否,是,否,否,否,否,否,基础服务,是
51,56.0,52.0,已婚,28.0,49.0,中学学历,,,男,4.0,否,否,是,否,24.75,0.0,0.0,22.25,0.0,是,否,否,否,否,否,否,否,否,电子服务,否
52,10.0,22.0,,0.0,24.0,大学学位,0.0,是,男,1.0,是,是,是,是,7.8,23.75,37.25,22.5,30.05,是,是,是,是,是,是,是,是,是,总服务,否
53,7.0,26.0,已婚,3.0,26.0,中学学历,,,男,5.0,是,否,否,否,4.85,15.5,0.0,0.0,0.0,否,否,否,否,否,是,否,否,否,基础服务,否
54,52.0,27.0,未婚,6.0,47.0,社区学院,5.0,是,男,2.0,是,否,是,否,6.25,18.5,0.0,14.25,0.0,否,否,否,否,是,否,否,否,是,基础服务,否
55,36.0,45.0,已婚,1.0,94.0,中学学历,18.0,是,女,5.0,是,是,否,否,7.2,15.75,28.35,0.0,0.0,否,否,是,是,是,否,否,是,否,基础服务,是
56,27.0,34.0,未婚,8.0,21.0,社区学院,4.0,是,女,1.0,否,否,否,否,7.65,0.0,0.0,0.0,0.0,是,否,否,否,否,否,否,否,否,电子服务,否
57,58.0,62.0,已婚,,,未完成中学学历,0.0,是,男,2.0,否,否,是,否,15.5,0.0,0.0,34.5,0.0,否,否,否,否,否,否,否,否,否,基础服务,否
58,41.0,52.0,未婚,27.0,,中学学历,2.0,是,女,1.0,是,否,是,是,10.4,28.0,0.0,19.0,27.5,否,否,否,否,是,是,是,是,否,附加服务,否
59,47.0,40.0,,16.0,127.0,大学学位,12.0,是,女,4.0,否,是,是,否,19.7,0.0,28.15,14.75,0.0,是,否,否,是,否,否,否,否,是,电子服务,否
60,55.0,39.0,已婚,15.0,137.0,中学学历,20.0,是,女,2.0,是,否,是,否,12.7,27.5,0.0,11.5,0.0,否,是,否,否,是,是,是,是,否,附加服务,是
61,56.0,50.0,已婚,1.0,,中学学历,24.0,是,女,4.0,是,否,是,是,28.8,55.5,0.0,21.25,61.1,是,是,是,否,是,是,是,是,否,总服务,否
62,35.0,55.0,未婚,24.0,30.0,中学学历,2.0,是,男,1.0,否,否,是,否,10.25,0.0,0.0,15.75,0.0,否,否,否,否,否,否,否,否,否,基础服务,否
63,69.0,51.0,,11.0,,大学学位,23.0,是,女,2.0,否,是,是,否,29.0,0.0,47.05,24.75,0.0,是,否,是,是,是,否,否,是,否,总服务,否
64,44.0,39.0,,16.0,79.0,中学学历,16.0,是,男,1.0,是,是,是,是,15.25,24.5,37.45,27.25,30.05,是,否,是,是,是,是,是,是,是,总服务,是
65,36.0,47.0,已婚,16.0,63.0,未完成中学学历,23.0,是,男,2.0,否,否,是,否,9.05,0.0,0.0,6.75,0.0,否,否,否,否,否,否,否,否,否,基础服务,否
66,28.0,51.0,已婚,22.0,,社区学院,10.0,是,女,6.0,是,否,否,否,8.95,21.25,0.0,0.0,0.0,否,否,否,否,是,是,是,是,否,附加服务,否
67,72.0,67.0,已婚,44.0,,未完成中学学历,34.0,否,男,2.0,是,否,是,否,57.05,51.5,0.0,19.25,0.0,是,否,否,否,是,是,是,是,否,附加服务,否
68,16.0,27.0,未婚,5.0,37.0,社区学院,5.0,是,男,4.0,否,否,否,否,6.0,0.0,0.0,0.0,0.0,否,否,否,否,否,否,否,否,否,基础服务,否
69,3.0,43.0,未婚,19.0,61.0,大学学位,,,女,1.0,否,是,是,是,3.15,0.0,27.25,16.25,17.95,否,否,否,是,是,否,否,是,是,基础服务,是
70,40.0,57.0,已婚,15.0,,中学学历,9.0,是,男,2.0,否,否,是,否,8.55,0.0,0.0,19.75,0.0,否,否,否,否,否,否,否,否,否,基础服务,否
71,16.0,39.0,,6.0,44.0,大学学位,3.0,是,女,1.0,否,是,否,否,6.6,0.0,23.3,0.0,0.0,是,否,否,是,否,否,否,否,是,电子服务,否
72,20.0,42.0,,4.0,17.0,社区学院,5.0,是,男,1.0,否,否,否,否,7.8,0.0,0.0,0.0,0.0,否,否,否,否,否,否,否,否,否,基础服务,否
73,48.0,43.0,,,110.0,研究生学位,15.0,是,女,3.0,否,是,否,是,7.25,0.0,33.5,0.0,20.65,是,是,否,是,否,否,否,否,是,电子服务,否
74,64.0,48.0,已婚,13.0,91.0,中学学历,,,男,2.0,是,否,是,是,24.5,24.75,0.0,12.5,29.65,是,否,否,否,是,是,是,是,否,附加服务,否
75,8.0,46.0,未婚,3.0,46.0,中学学历,8.0,是,,1.0,否,是,否,否,3.15,0.0,25.05,0.0,0.0,否,否,是,是,否,否,否,否,是,基础服务,否
76,40.0,38.0,已婚,10.0,85.0,社区学院,12.0,是,男,2.0,否,否,否,否,10.6,0.0,0.0,0.0,0.0,否,否,否,否,是,是,是,是,否,附加服务,是
77,38.0,71.0,未婚,27.0,,中学学历,12.0,否,男,1.0,否,否,否,否,11.2,0.0,0.0,0.0,0.0,否,否,否,否,否,否,否,是,否,基础服务,否
78,,68.0,未婚,28.0,,,47.0,是,女,1.0,是,否,是,否,30.25,30.25,0.0,30.75,0.0,否,是,否,否,是,是,是,是,否,附加服务,否
79,26.0,42.0,未婚,0.0,,大学学位,15.0,是,女,1.0,是,是,是,是,7.85,44.0,49.6,10.5,43.75,是,是,是,是,是,是,是,是,是,总服务,否
80,41.0,34.0,,15.0,83.0,研究生学位,1.0,是,女,2.0,是,否,是,否,8.9,33.75,0.0,5.75,0.0,是,是,是,是,是,是,是,是,否,总服务,否
81,2.0,31.0,未婚,2.0,,未完成中学学历,6.0,是,男,1.0,否,是,否,否,1.65,0.0,21.6,0.0,0.0,否,否,否,否,否,否,否,是,否,基础服务,是
82,20.0,48.0,已婚,29.0,24.0,中学学历,,,男,2.0,是,否,是,否,11.85,22.5,0.0,35.0,0.0,是,是,是,否,是,是,是,是,否,总服务,是
83,31.0,53.0,,2.0,,,31.0,是,女,1.0,是,否,是,否,5.5,31.5,0.0,19.25,0.0,否,否,是,否,是,是,是,是,否,附加服务,否
84,45.0,52.0,已婚,4.0,169.0,大学学位,29.0,是,女,4.0,否,是,是,否,14.65,0.0,40.45,14.25,0.0,是,否,否,是,否,否,否,否,否,电子服务,否
85,33.0,27.0,已婚,,46.0,中学学历,7.0,是,男,4.0,否,是,否,否,7.25,0.0,29.15,0.0,0.0,否,否,否,否,否,否,否,否,是,基础服务,否
86,10.0,26.0,未婚,6.0,34.0,社区学院,3.0,是,男,1.0,否,是,否,否,4.85,0.0,27.7,0.0,0.0,是,否,否,否,否,否,否,否,否,电子服务,否
87,62.0,54.0,已婚,2.0,50.0,大学学位,3.0,是,男,2.0,否,是,是,是,17.25,0.0,48.0,87.5,33.25,是,是,是,是,是,否,是,否,是,总服务,是
88,4.0,35.0,未婚,16.0,161.0,研究生学位,6.0,是,女,1.0,是,是,否,是,3.4,23.75,49.8,0.0,35.75,否,是,是,是,是,是,是,是,是,总服务,是
89,42.0,47.0,已婚,17.0,212.0,大学学位,17.0,是,男,2.0,是,否,是,否,7.45,26.75,0.0,24.75,0.0,否,否,否,否,是,是,是,否,否,附加服务,否
90,27.0,51.0,已婚,3.0,,研究生学位,11.0,是,男,3.0,否,是,否,否,7.1,0.0,39.4,0.0,0.0,是,否,是,是,否,否,否,否,是,电子服务,否
91,38.0,42.0,未婚,1.0,,大学学位,7.0,是,女,1.0,是,否,否,否,13.2,27.5,0.0,0.0,0.0,否,否,否,否,否,是,否,否,否,基础服务,否
92,52.0,61.0,已婚,3.0,53.0,研究生学位,1.0,是,女,2.0,否,是,是,是,12.25,0.0,38.4,8.75,35.95,是,是,否,是,否,否,否,是,是,电子服务,否
93,35.0,33.0,未婚,9.0,73.0,研究生学位,4.0,是,女,1.0,是,否,是,是,5.85,38.25,0.0,22.25,40.35,是,是,是,是,是,是,是,是,是,总服务,否
94,3.0,20.0,已婚,1.0,,中学学历,0.0,是,女,4.0,否,否,否,否,3.75,0.0,0.0,0.0,0.0,否,否,否,否,否,否,否,否,是,基础服务,是
95,17.0,33.0,未婚,,23.0,研究生学位,3.0,是,男,1.0,否,是,是,是,10.2,0.0,36.4,14.5,30.9,是,是,否,是,是,是,否,否,是,总服务,是
96,55.0,53.0,已婚,,,未完成中学学历,8.0,是,男,2.0,否,否,否,否,5.7,0.0,0.0,0.0,0.0,否,否,否,否,否,是,是,是,否,附加服务,否
97,43.0,36.0,已婚,5.0,107.0,未完成中学学历,19.0,是,女,3.0,是,否,是,否,11.55,12.75,0.0,21.5,0.0,是,否,否,否,否,否,否,否,否,电子服务,是
98,47.0,25.0,已婚,5.0,21.0,未完成中学学历,1.0,是,女,2.0,是,否,是,否,8.65,30.5,0.0,9.0,0.0,否,否,否,否,否,是,是,是,否,附加服务,是
99,65.0,58.0,未婚,30.0,83.0,中学学历,16.0,是,女,1.0,否,否,是,否,19.3,0.0,0.0,22.75,0.0,是,否,否,否,否,是,否,否,否,电子服务,否
100,13.0,20.0,,1.0,,社区学院,0.0,是,男,5.0,否,是,是,否,3.05,0.0,31.3,14.0,0.0,是,否,否,是,是,是,是,是,是,总服务,否
101,64.0,25.0,已婚,4.0,76.0,社区学院,2.0,是,女,6.0,否,是,是,否,24.05,0.0,35.4,21.25,0.0,是,否,否,否,是,否,是,是,是,附加服务,否
102,12.0,,未婚,2.0,19.0,未完成中学学历,0.0,是,男,1.0,是,否,是,否,4.0,24.75,0.0,27.25,0.0,否,否,否,否,是,是,是,是,否,附加服务,是
103,29.0,32.0,已婚,0.0,49.0,大学学位,3.0,是,女,3.0,否,是,否,否,6.7,0.0,33.0,0.0,0.0,是,否,是,是,否,否,否,否,是,电子服务,是
104,23.0,47.0,未婚,21.0,173.0,社区学院,22.0,是,女,1.0,否,否,否,否,7.6,0.0,0.0,0.0,0.0,是,否,否,否,是,否,否,是,是,电子服务,否
105,14.0,35.0,未婚,4.0,47.0,社区学院,10.0,是,女,1.0,是,否,否,是,5.0,21.75,0.0,0.0,24.15,是,否,否,否,否,否,是,是,是,电子服务,是
106,35.0,61.0,未婚,23.0,41.0,中学学历,11.0,是,男,1.0,否,否,是,否,9.6,0.0,0.0,9.5,0.0,否,否,否,否,否,否,否,否,否,基础服务,否
107,26.0,39.0,未婚,8.0,105.0,社区学院,13.0,是,女,1.0,是,否,是,是,6.6,39.75,0.0,37.25,38.25,是,是,是,否,是,是,是,是,是,总服务,否
108,13.0,54.0,未婚,,31.0,大学学位,2.0,是,男,1.0,否,否,否,否,5.85,0.0,0.0,0.0,0.0,否,是,否,是,否,否,否,否,是,基础服务,否
109,69.0,40.0,已婚,13.0,41.0,中学学历,17.0,是,男,3.0,否,否,是,否,25.25,0.0,0.0,33.0,0.0,是,否,否,否,否,否,否,否,否,电子服务,否
110,61.0,50.0,,30.0,,大学学位,9.0,是,女,3.0,否,否,是,否,12.6,0.0,0.0,12.5,0.0,是,否,否,是,否,否,否,否,是,电子服务,否
111,45.0,22.0,已婚,2.0,36.0,大学学位,0.0,是,女,5.0,是,是,否,否,9.95,14.75,26.15,0.0,0.0,是,否,否,否,否,否,否,否,否,电子服务,是
112,3.0,37.0,未婚,13.0,24.0,未完成中学学历,3.0,是,女,1.0,否,否,否,否,2.0,0.0,0.0,0.0,0.0,否,是,否,否,否,否,否,是,是,基础服务,否
113,53.0,22.0,未婚,1.0,25.0,,,,男,2.0,否,是,是,否,12.05,0.0,27.15,6.5,0.0,是,否,否,是,否,否,否,否,是,电子服务,否
114,59.0,,未婚,1.0,68.0,中学学历,21.0,是,女,1.0,是,否,是,否,17.3,21.25,0.0,19.25,0.0,是,否,否,否,是,是,是,是,否,附加服务,否
115,13.0,34.0,未婚,11.0,20.0,社区学院,,,,1.0,否,否,否,否,4.8,0.0,0.0,0.0,0.0,否,否,否,是,否,否,否,否,否,基础服务,否
116,31.0,31.0,未婚,4.0,48.0,未完成中学学历,15.0,是,男,1.0,否,否,否,否,3.8,0.0,0.0,0.0,0.0,否,否,否,否,否,是,是,是,否,附加服务,否
117,40.0,29.0,已婚,6.0,40.0,中学学历,8.0,是,女,5.0,否,否,否,否,13.0,0.0,0.0,0.0,0.0,否,否,否,否,否,是,是,是,否,附加服务,否
118,48.0,55.0,未婚,15.0,79.0,未完成中学学历,25.0,是,男,1.0,否,否,是,否,13.8,0.0,0.0,25.5,0.0,否,否,否,否,是,是,是,是,否,附加服务,否
119,3.0,31.0,未婚,1.0,28.0,未完成中学学历,0.0,是,男,1.0,是,是,是,否,3.45,15.5,23.3,23.5,0.0,否,否,否,是,否,否,是,否,否,基础服务,是
120,51.0,48.0,未婚,12.0,64.0,中学学历,22.0,是,女,1.0,否,否,是,否,14.8,0.0,0.0,17.0,0.0,否,否,否,否,否,否,否,否,否,基础服务,否
121,33.0,41.0,未婚,15.0,37.0,中学学历,11.0,是,男,1.0,否,否,否,否,12.2,0.0,0.0,0.0,0.0,否,否,否,否,否,否,否,否,否,基础服务,否
122,14.0,47.0,已婚,7.0,48.0,未完成中学学历,13.0,是,男,2.0,是,否,否,否,4.25,11.0,0.0,0.0,0.0,否,否,否,否,否,否,否,是,否,基础服务,否
123,17.0,42.0,,6.0,131.0,研究生学位,,,男,3.0,否,是,否,是,5.8,0.0,35.35,0.0,21.65,是,否,否,是,否,否,否,否,是,电子服务,是
124,19.0,29.0,已婚,9.0,18.0,中学学历,2.0,是,男,3.0,否,否,否,否,5.4,0.0,0.0,0.0,0.0,否,否,否,是,否,否,是,否,是,基础服务,是
125,58.0,36.0,未婚,10.0,38.0,中学学历,14.0,是,女,1.0,否,否,是,否,10.15,0.0,0.0,17.75,0.0,是,否,否,否,否,否,否,否,否,电子服务,否
126,22.0,23.0,未婚,3.0,37.0,,4.0,是,女,3.0,否,是,是,是,5.35,0.0,28.1,9.0,24.7,否,是,否,是,是,否,否,是,是,总服务,否
127,29.0,31.0,已婚,1.0,60.0,大学学位,,是,男,5.0,否,是,否,否,9.6,0.0,26.75,0.0,0.0,是,否,否,是,否,否,否,否,是,电子服务,是
128,14.0,22.0,已婚,2.0,13.0,社区学院,0.0,是,女,4.0,否,是,否,否,9.45,0.0,26.85,0.0,0.0,是,否,否,是,否,否,否,否,否,电子服务,是
129,70.0,64.0,已婚,18.0,,未完成中学学历,31.0,是,女,2.0,是,否,是,是,26.15,84.0,0.0,11.25,45.45,是,是,是,否,是,是,是,是,否,总服务,否
130,62.0,,已婚,,,未完成中学学历,23.0,是,男,2.0,是,否,是,是,23.15,36.75,0.0,36.0,34.3,是,否,否,否,否,否,是,是,否,附加服务,是
131,,,已婚,0.0,47.0,未完成中学学历,14.0,是,男,5.0,否,否,否,否,5.2,0.0,0.0,0.0,0.0,否,否,否,否,否,否,否,否,否,基础服务,是
132,56.0,47.0,已婚,,65.0,中学学历,,,男,3.0,是,否,是,是,12.4,48.75,0.0,36.5,58.4,否,是,是,否,是,是,是,是,否,总服务,否
133,50.0,50.0,已婚,22.0,150.0,研究生学位,5.0,是,女,4.0,否,是,是,否,19.3,0.0,33.4,50.75,0.0,是,是,否,是,否,否,是,否,是,电子服务,是
134,57.0,39.0,未婚,,106.0,研究生学位,8.0,是,男,1.0,是,是,是,是,9.05,24.25,41.85,12.25,39.6,是,否,是,否,是,是,是,是,否,附加服务,否
135,2.0,40.0,未婚,19.0,51.0,大学学位,14.0,是,女,1.0,否,否,否,否,4.25,0.0,0.0,0.0,0.0,否,是,否,是,否,否,否,否,是,基础服务,否
136,40.0,38.0,未婚,17.0,96.0,大学学位,0.0,是,女,1.0,否,否,否,否,9.3,0.0,0.0,0.0,0.0,否,否,否,否,否,否,否,否,否,基础服务,否
137,6.0,43.0,未婚,,33.0,研究生学位,7.0,是,男,2.0,否,否,是,是,4.25,0.0,0.0,16.25,26.75,是,否,是,否,是,是,是,是,否,附加服务,否
138,23.0,25.0,已婚,6.0,38.0,中学学历,1.0,是,女,3.0,是,是,是,否,13.9,23.25,28.5,3.75,0.0,是,否,是,否,否,是,是,否,否,附加服务,否
139,11.0,32.0,未婚,6.0,125.0,大学学位,5.0,是,男,1.0,是,是,是,是,3.8,19.25,61.45,19.0,58.25,是,是,是,是,是,是,是,是,是,总服务,是
140,29.0,37.0,已婚,13.0,145.0,,0.0,是,女,4.0,是,是,是,是,8.6,24.0,41.15,17.75,28.0,否,是,是,是,是,是,是,是,否,总服务,否
141,42.0,44.0,已婚,2.0,99.0,中学学历,21.0,是,男,3.0,是,否,是,否,22.05,34.75,0.0,9.75,0.0,是,否,否,否,否,是,否,是,否,附加服务,否
142,20.0,34.0,已婚,2.0,22.0,大学学位,0.0,是,女,3.0,是,是,是,是,4.85,18.25,35.05,34.75,31.65,否,否,是,是,是,是,是,是,是,总服务,否
143,,60.0,已婚,,31.0,未完成中学学历,38.0,否,男,2.0,否,否,是,否,32.25,0.0,0.0,33.5,0.0,是,否,否,否,否,否,否,否,否,电子服务,否
144,2.0,36.0,未婚,3.0,25.0,,6.0,是,女,1.0,是,是,是,是,1.9,15.75,28.7,5.0,24.15,否,否,是,否,是,是,是,是,否,附加服务,否
145,46.0,25.0,未婚,5.0,57.0,研究生学位,0.0,是,女,2.0,是,是,是,是,20.25,21.25,39.4,9.75,28.35,否,否,否,是,否,否,是,是,是,基础服务,否
146,39.0,51.0,已婚,,41.0,研究生学位,20.0,是,男,6.0,是,是,是,是,12.1,20.5,54.3,9.75,35.35,是,是,是,是,是,是,是,是,是,总服务,否
147,24.0,25.0,已婚,,20.0,社区学院,1.0,是,女,2.0,否,是,否,否,8.15,0.0,27.95,0.0,0.0,是,否,否,是,是,否,是,否,否,电子服务,是
148,59.0,43.0,已婚,4.0,101.0,中学学历,22.0,是,女,5.0,否,否,是,否,13.65,0.0,0.0,20.75,0.0,是,否,否,否,否,否,否,是,否,电子服务,否
149,65.0,37.0,未婚,,56.0,中学学历,15.0,是,男,1.0,否,否,是,否,10.25,0.0,0.0,10.75,0.0,是,否,否,否,否,否,否,否,否,电子服务,否
150,50.0,27.0,已婚,5.0,22.0,中学学历,5.0,是,女,3.0,否,否,是,否,17.2,0.0,0.0,13.25,0.0,否,否,否,否,否,否,否,否,否,基础服务,否
151,57.0,37.0,未婚,11.0,108.0,大学学位,9.0,是,女,1.0,是,是,是,否,21.8,27.25,42.0,8.0,0.0,是,否,否,是,是,是,否,是,否,附加服务,否
152,61.0,48.0,未婚,14.0,115.0,大学学位,20.0,是,女,1.0,是,是,是,是,12.8,16.0,39.2,17.25,31.0,是,是,是,是,是,否,是,是,是,总服务,否
153,34.0,54.0,未婚,31.0,53.0,大学学位,22.0,是,男,1.0,是,是,是,是,8.1,18.0,45.6,56.5,66.9,是,是,是,是,否,否,是,否,是,总服务,否
154,38.0,53.0,未婚,13.0,,大学学位,12.0,是,男,1.0,是,是,是,是,8.95,37.75,54.1,28.5,50.75,是,是,是,否,是,是,是,是,是,总服务,否
155,3.0,24.0,已婚,2.0,,中学学历,3.0,是,女,5.0,是,否,是,否,3.35,22.5,0.0,9.25,0.0,否,是,否,是,是,是,否,是,否,附加服务,否
156,4.0,47.0,未婚,5.0,123.0,大学学位,11.0,是,男,1.0,否,是,是,否,2.5,0.0,25.3,13.75,0.0,否,否,否,是,否,否,是,否,是,基础服务,否
157,15.0,35.0,未婚,0.0,34.0,未完成中学学历,12.0,是,男,1.0,否,否,否,否,3.95,0.0,0.0,0.0,0.0,否,否,否,否,否,否,否,否,否,基础服务,否
158,25.0,29.0,已婚,8.0,31.0,大学学位,3.0,是,女,5.0,否,是,否,否,12.95,0.0,33.05,0.0,0.0,是,否,否,是,否,否,否,否,是,电子服务,是
159,21.0,44.0,未婚,25.0,47.0,未完成中学学历,12.0,是,女,2.0,否,否,是,否,7.05,0.0,0.0,14.5,0.0,否,否,否,否,是,是,是,是,否,附加服务,否
160,50.0,37.0,已婚,11.0,48.0,社区学院,8.0,是,女,2.0,是,否,是,否,12.9,27.75,0.0,8.75,0.0,否,否,否,否,是,是,是,是,否,附加服务,否
161,65.0,64.0,已婚,22.0,13.0,中学学历,5.0,否,女,3.0,是,否,是,否,14.6,33.0,0.0,15.75,0.0,否,否,否,否,是,是,是,是,否,附加服务,否
162,59.0,52.0,已婚,18.0,78.0,未完成中学学历,25.0,是,男,,否,否,否,否,18.6,0.0,0.0,0.0,0.0,否,否,否,否,否,否,否,否,否,基础服务,否
163,29.0,26.0,未婚,7.0,34.0,未完成中学学历,7.0,是,女,2.0,否,否,是,否,6.5,0.0,0.0,16.0,0.0,否,否,否,否,是,是,否,否,否,附加服务,否
164,60.0,46.0,未婚,17.0,81.0,研究生学位,9.0,是,女,,否,是,是,否,17.45,0.0,39.25,10.25,0.0,是,否,否,是,否,否,否,否,是,电子服务,否
165,71.0,45.0,已婚,14.0,86.0,中学学历,,,男,,否,是,是,否,45.05,0.0,33.0,35.0,0.0,是,否,否,是,否,否,否,否,否,电子服务,否
166,38.0,27.0,已婚,0.0,26.0,大学学位,2.0,是,男,4.0,否,是,是,是,12.2,0.0,38.75,9.25,28.05,否,是,是,是,是,是,是,否,是,总服务,是
167,16.0,34.0,已婚,5.0,51.0,中学学历,8.0,是,女,5.0,否,否,是,否,4.7,0.0,0.0,16.5,0.0,否,否,否,否,否,否,否,否,否,基础服务,否
168,7.0,31.0,未婚,10.0,59.0,社区学院,,,男,1.0,否,是,否,否,2.45,0.0,29.8,0.0,0.0,否,是,否,否,否,是,否,否,是,基础服务,否
169,59.0,53.0,未婚,21.0,112.0,大学学位,16.0,是,男,1.0,否,是,否,是,21.1,0.0,38.55,0.0,25.3,是,否,否,是,否,否,否,否,是,电子服务,是
170,22.0,56.0,已婚,14.0,,大学学位,28.0,是,男,2.0,是,是,是,是,6.2,18.25,36.65,10.5,28.8,是,是,是,是,是,是,是,是,否,总服务,否
171,18.0,48.0,已婚,20.0,41.0,未完成中学学历,2.0,是,女,2.0,是,否,是,否,4.35,13.0,0.0,8.0,0.0,否,否,否,否,是,是,否,否,否,基础服务,否
172,64.0,46.0,已婚,19.0,168.0,中学学历,26.0,是,,2.0,是,是,是,是,14.2,71.0,73.8,38.75,62.45,是,是,是,是,是,是,是,是,是,总服务,否
173,7.0,33.0,未婚,4.0,29.0,大学学位,4.0,是,女,3.0,否,是,否,否,4.65,0.0,28.35,0.0,0.0,否,否,否,是,否,否,否,否,是,基础服务,是
174,65.0,58.0,未婚,,167.0,中学学历,14.0,是,女,2.0,否,否,是,否,24.3,0.0,0.0,17.25,0.0,是,否,否,否,否,否,否,否,否,电子服务,否
175,7.0,,未婚,,29.0,,3.0,是,男,3.0,是,否,否,否,4.45,13.5,0.0,0.0,0.0,否,否,是,是,否,否,否,是,否,基础服务,是
176,64.0,55.0,未婚,28.0,104.0,未完成中学学历,26.0,是,女,1.0,否,否,是,否,15.0,0.0,0.0,39.25,0.0,否,否,否,否,是,否,否,是,否,附加服务,否
177,42.0,22.0,已婚,0.0,46.0,大学学位,0.0,是,男,2.0,是,是,是,是,9.35,20.25,51.35,6.0,36.0,是,是,是,是,否,是,是,否,否,总服务,是
178,33.0,26.0,未婚,5.0,46.0,大学学位,,,女,3.0,是,是,是,是,11.0,17.5,40.9,6.0,32.05,否,否,是,是,是,是,是,是,是,总服务,否
179,3.0,33.0,未婚,8.0,51.0,大学学位,0.0,是,女,1.0,否,是,否,否,2.9,0.0,19.9,0.0,0.0,否,否,否,否,否,否,否,否,否,基础服务,是
180,69.0,42.0,已婚,11.0,65.0,中学学历,18.0,是,男,2.0,是,是,是,是,14.2,30.5,64.2,31.5,66.55,是,是,是,是,是,是,是,是,是,总服务,否
181,9.0,33.0,未婚,1.0,48.0,中学学历,13.0,是,男,2.0,是,否,是,否,3.15,13.25,0.0,30.5,0.0,否,否,否,否,是,是,否,否,否,基础服务,否
182,22.0,34.0,已婚,1.0,,社区学院,1.0,是,男,4.0,否,是,否,否,7.1,0.0,23.4,0.0,0.0,是,否,否,是,否,否,否,否,否,电子服务,否
183,53.0,63.0,已婚,,,中学学历,18.0,是,男,2.0,否,是,是,否,14.85,0.0,37.0,11.0,0.0,是,否,否,是,否,否,否,否,是,电子服务,否
184,71.0,53.0,未婚,,110.0,未完成中学学历,34.0,是,男,1.0,否,否,是,否,17.45,0.0,0.0,14.75,0.0,是,否,否,否,否,否,否,否,否,电子服务,否
185,24.0,26.0,未婚,2.0,,社区学院,2.0,是,男,3.0,否,否,否,否,4.25,0.0,0.0,0.0,0.0,否,否,否,否,否,否,否,否,是,基础服务,否
186,12.0,22.0,,1.0,,社区学院,0.0,是,女,2.0,否,否,否,否,4.65,0.0,0.0,0.0,0.0,否,否,否,是,否,否,否,否,是,基础服务,否
187,25.0,39.0,,1.0,,大学学位,0.0,是,男,4.0,否,是,是,是,14.45,0.0,35.95,23.0,24.75,是,是,是,是,否,否,否,否,是,电子服务,是
188,,28.0,已婚,9.0,34.0,中学学历,10.0,是,女,6.0,是,否,是,是,15.0,40.0,0.0,17.5,45.1,是,是,否,否,是,是,是,是,否,附加服务,否
189,33.0,54.0,已婚,18.0,57.0,大学学位,4.0,是,女,3.0,是,是,否,否,7.5,30.25,33.9,0.0,0.0,是,否,否,是,是,是,是,否,否,附加服务,是
190,57.0,54.0,已婚,,21.0,中学学历,0.0,是,女,3.0,否,否,是,否,10.6,0.0,0.0,17.0,0.0,否,否,否,否,否,否,否,否,否,基础服务,否
191,13.0,33.0,未婚,7.0,38.0,社区学院,10.0,是,女,1.0,是,是,是,是,5.05,18.5,40.8,12.5,28.85,否,是,是,是,否,是,是,是,是,总服务,否
192,13.0,21.0,未婚,2.0,19.0,社区学院,0.0,是,女,1.0,否,是,是,否,7.9,0.0,25.2,5.0,0.0,是,否,否,是,否,否,否,否,否,电子服务,是
193,71.0,39.0,未婚,2.0,40.0,社区学院,17.0,是,男,1.0,是,否,是,否,36.25,27.75,0.0,38.5,0.0,是,是,否,否,否,是,否,是,否,附加服务,否
194,18.0,69.0,,11.0,58.0,社区学院,8.0,是,男,2.0,是,是,是,是,6.35,27.25,53.95,11.75,63.0,是,是,是,是,是,是,是,是,是,总服务,否
195,17.0,51.0,已婚,10.0,,中学学历,15.0,是,女,2.0,否,否,否,否,7.45,0.0,0.0,0.0,0.0,否,否,否,否,否,否,否,否,否,基础服务,是
196,22.0,43.0,未婚,4.0,114.0,中学学历,19.0,是,男,1.0,否,是,否,否,9.25,0.0,22.7,0.0,0.0,否,否,否,否,否,否,否,否,否,基础服务,否
197,65.0,65.0,,27.0,128.0,社区学院,24.0,是,男,2.0,是,否,是,否,21.2,24.0,0.0,14.5,0.0,是,否,否,否,是,是,是,是,否,附加服务,否
198,7.0,40.0,未婚,,33.0,大学学位,2.0,是,女,1.0,否,否,否,否,2.8,0.0,0.0,0.0,0.0,否,否,否,是,否,否,否,否,是,基础服务,否
199,72.0,66.0,,30.0,460.0,大学学位,41.0,是,女,1.0,否,是,是,否,89.4,0.0,46.55,18.75,0.0,是,是,是,是,否,否,是,是,否,总服务,否
200,35.0,43.0,,12.0,224.0,社区学院,17.0,是,男,1.0,否,否,是,否,7.7,0.0,0.0,9.5,0.0,否,否,否,否,否,否,否,否,否,基础服务,否
201,24.0,39.0,未婚,2.0,122.0,大学学位,12.0,是,男,3.0,是,否,是,是,4.45,26.25,0.0,9.75,35.9,否,否,是,是,是,是,是,是,否,总服务,否
202,64.0,24.0,已婚,0.0,23.0,社区学院,1.0,是,女,5.0,否,是,否,否,7.0,0.0,35.55,0.0,0.0,是,否,否,是,否,是,否,是,否,电子服务,否
203,63.0,63.0,已婚,19.0,191.0,社区学院,27.0,是,男,2.0,否,否,是,否,12.7,0.0,0.0,7.0,0.0,是,否,否,否,否,否,否,否,否,电子服务,否
204,38.0,31.0,,7.0,187.0,大学学位,6.0,是,男,3.0,是,否,是,是,12.65,21.25,0.0,34.0,47.85,否,是,是,否,是,是,是,是,否,总服务,是
205,29.0,37.0,已婚,9.0,119.0,社区学院,12.0,是,男,3.0,否,否,否,否,4.6,0.0,0.0,0.0,0.0,否,否,否,否,否,否,否,否,否,基础服务,否
206,72.0,69.0,已婚,,,中学学历,44.0,否,女,2.0,否,否,是,否,99.95,0.0,0.0,12.5,0.0,是,否,否,否,否,是,否,是,否,附加服务,否
207,10.0,27.0,已婚,2.0,15.0,社区学院,2.0,是,女,2.0,是,是,是,是,7.5,12.75,48.65,7.5,39.5,是,是,是,是,是,是,是,是,是,总服务,是
208,72.0,64.0,未婚,41.0,674.0,大学学位,37.0,是,女,1.0,是,否,是,是,49.6,32.75,0.0,48.75,60.15,是,是,否,否,是,是,是,是,否,附加服务,否
209,52.0,23.0,已婚,4.0,33.0,大学学位,0.0,是,女,2.0,是,否,是,否,13.1,18.25,0.0,18.75,0.0,是,否,否,否,是,是,是,是,否,附加服务,否
210,13.0,55.0,未婚,3.0,250.0,中学学历,35.0,是,女,2.0,否,否,否,否,4.1,0.0,0.0,0.0,0.0,否,否,否,否,否,否,否,否,否,基础服务,否
211,3.0,33.0,未婚,6.0,64.0,大学学位,0.0,是,男,2.0,否,是,否,否,2.15,0.0,20.75,0.0,0.0,否,否,否,否,否,否,否,否,是,基础服务,是
212,39.0,24.0,已婚,2.0,,中学学历,4.0,是,男,4.0,否,否,是,否,10.4,0.0,0.0,12.5,0.0,否,否,否,否,否,否,否,否,是,基础服务,是
213,28.0,29.0,,4.0,23.0,社区学院,5.0,是,男,2.0,否,否,否,否,3.7,0.0,0.0,0.0,0.0,是,否,否,是,否,否,是,是,是,电子服务,否
214,46.0,42.0,未婚,9.0,52.0,大学学位,7.0,是,男,3.0,否,否,是,否,14.25,0.0,0.0,21.0,0.0,是,否,否,否,否,否,否,否,否,电子服务,否
215,62.0,46.0,,,200.0,社区学院,,,女,1.0,否,否,是,否,26.25,0.0,0.0,74.0,0.0,否,否,否,否,否,否,否,否,否,基础服务,否
216,23.0,33.0,已婚,7.0,28.0,未完成中学学历,4.0,是,男,2.0,否,否,是,否,6.9,0.0,0.0,14.0,0.0,否,否,否,否,是,是,是,否,否,附加服务,否
217,23.0,25.0,已婚,5.0,19.0,研究生学位,0.0,是,男,3.0,是,是,否,否,6.95,25.0,36.7,0.0,0.0,是,是,否,是,否,是,是,否,是,总服务,是
218,72.0,61.0,已婚,39.0,,社区学院,21.0,是,男,2.0,是,是,是,是,54.8,67.25,51.35,69.5,55.5,是,是,是,是,是,是,是,是,否,总服务,否
219,56.0,60.0,未婚,,,中学学历,20.0,是,男,1.0,否,是,否,是,7.75,0.0,29.3,0.0,26.15,否,否,否,否,否,否,否,否,是,基础服务,否
220,8.0,30.0,未婚,1.0,34.0,中学学历,9.0,是,女,1.0,否,否,是,否,4.25,0.0,0.0,13.25,0.0,否,否,否,否,是,否,是,是,否,附加服务,否
221,3.0,36.0,未婚,7.0,,研究生学位,3.0,是,女,3.0,是,是,否,否,2.7,13.0,24.0,0.0,0.0,是,是,是,否,否,否,是,否,是,总服务,否
222,37.0,37.0,,7.0,172.0,社区学院,,,男,1.0,否,否,否,否,6.85,0.0,0.0,0.0,0.0,否,否,否,否,否,否,否,否,是,基础服务,否
223,37.0,53.0,已婚,,48.0,未完成中学学历,10.0,是,男,3.0,是,否,是,否,12.55,23.5,0.0,10.25,0.0,否,否,否,否,是,是,是,是,否,附加服务,否
224,6.0,30.0,未婚,9.0,45.0,中学学历,2.0,是,女,1.0,否,否,否,否,1.35,0.0,0.0,0.0,0.0,否,否,否,否,否,否,否,否,否,基础服务,是
225,48.0,47.0,,9.0,72.0,社区学院,13.0,是,男,5.0,是,否,是,是,15.3,28.5,0.0,16.0,32.55,是,是,是,否,是,是,是,是,否,总服务,是
226,43.0,43.0,已婚,3.0,55.0,,18.0,是,女,4.0,是,是,是,是,9.1,40.75,48.4,16.0,50.6,否,是,是,是,是,是,是,是,否,总服务,否
227,21.0,29.0,,7.0,40.0,大学学位,2.0,是,女,4.0,是,是,是,是,4.5,17.0,36.2,19.25,33.4,否,否,否,是,否,是,是,否,否,基础服务,否
228,6.0,33.0,,12.0,26.0,社区学院,0.0,是,男,1.0,是,否,是,是,6.1,18.75,0.0,24.25,22.8,否,是,否,是,是,是,是,是,否,附加服务,是
229,69.0,51.0,未婚,18.0,96.0,未完成中学学历,33.0,是,男,4.0,是,否,是,否,33.95,87.0,0.0,33.5,0.0,是,否,否,否,是,是,是,是,否,附加服务,否
230,22.0,,未婚,9.0,54.0,未完成中学学历,10.0,是,男,1.0,是,否,是,否,11.05,22.25,0.0,18.75,0.0,否,否,否,否,是,是,是,是,否,附加服务,否
231,28.0,40.0,已婚,1.0,,中学学历,9.0,是,女,3.0,是,否,是,否,8.1,29.5,0.0,28.5,0.0,否,否,否,否,是,是,是,是,否,附加服务,否
232,71.0,47.0,已婚,23.0,142.0,未完成中学学历,30.0,是,男,2.0,否,否,是,否,32.2,0.0,0.0,82.25,0.0,是,否,否,否,否,否,否,否,否,电子服务,否
233,7.0,37.0,未婚,5.0,57.0,大学学位,1.0,是,男,1.0,否,否,否,否,3.8,0.0,0.0,0.0,0.0,否,否,否,否,否,否,否,是,否,基础服务,否
234,63.0,29.0,未婚,10.0,20.0,社区学院,7.0,是,男,2.0,是,是,是,是,13.3,31.0,62.35,10.0,96.25,是,是,是,是,是,是,是,是,是,总服务,否
235,53.0,57.0,未婚,,37.0,未完成中学学历,,,男,1.0,否,否,是,否,7.7,0.0,0.0,9.25,0.0,是,否,否,否,否,否,是,否,否,电子服务,否
236,50.0,52.0,已婚,17.0,36.0,大学学位,16.0,是,男,4.0,是,否,是,是,11.95,55.0,0.0,48.0,85.85,是,是,是,否,是,是,是,是,是,总服务,否
237,39.0,31.0,已婚,,24.0,大学学位,2.0,是,男,2.0,否,是,是,否,13.9,0.0,33.3,16.5,0.0,否,否,是,否,是,是,是,是,是,总服务,否
238,16.0,19.0,未婚,0.0,21.0,中学学历,0.0,是,女,1.0,否,否,否,否,5.25,0.0,0.0,0.0,0.0,否,否,否,否,否,是,否,否,否,基础服务,否
239,43.0,51.0,已婚,15.0,186.0,社区学院,25.0,是,男,2.0,是,否,是,是,18.9,59.75,0.0,20.25,59.15,是,是,是,否,是,是,是,是,否,总服务,否
240,44.0,31.0,,12.0,30.0,未完成中学学历,7.0,是,女,3.0,否,否,是,否,8.0,0.0,0.0,13.0,0.0,否,否,否,否,否,否,否,否,否,基础服务,否
241,,66.0,已婚,43.0,96.0,中学学历,16.0,是,女,2.0,是,否,是,是,35.15,34.75,0.0,21.5,50.7,是,是,否,否,是,是,是,是,是,总服务,否
242,61.0,76.0,未婚,,15.0,未完成中学学历,29.0,否,男,1.0,是,否,是,否,18.6,52.75,0.0,24.0,0.0,是,否,是,否,是,是,是,是,否,附加服务,否
243,43.0,21.0,已婚,1.0,25.0,未完成中学学历,4.0,是,男,4.0,否,否,否,否,7.6,0.0,0.0,0.0,0.0,是,否,否,是,否,否,是,是,否,电子服务,是
244,24.0,39.0,未婚,,49.0,社区学院,7.0,是,女,1.0,否,是,否,否,7.45,0.0,30.9,0.0,0.0,否,否,否,是,否,否,否,否,否,基础服务,否
245,64.0,45.0,未婚,4.0,38.0,中学学历,7.0,是,女,1.0,是,否,是,否,13.75,22.75,0.0,10.25,0.0,是,是,否,否,是,否,是,是,否,附加服务,是
246,64.0,38.0,未婚,,29.0,中学学历,2.0,是,男,2.0,是,否,是,否,17.5,15.5,0.0,16.75,0.0,是,否,否,否,否,否,否,否,否,电子服务,否
247,24.0,26.0,未婚,7.0,55.0,中学学历,7.0,是,女,1.0,否,否,否,否,7.6,0.0,0.0,0.0,0.0,否,否,否,否,否,是,否,否,否,基础服务,否
248,33.0,55.0,已婚,21.0,64.0,社区学院,10.0,是,女,3.0,是,否,是,否,5.15,14.5,0.0,24.75,0.0,否,否,否,否,否,否,是,是,否,基础服务,否
249,33.0,33.0,,12.0,42.0,大学学位,7.0,是,女,,否,是,是,是,8.8,0.0,30.95,23.0,23.35,是,是,否,否,否,否,否,否,否,电子服务,否
250,2.0,40.0,未婚,,134.0,大学学位,2.0,是,男,1.0,否,是,否,否,3.9,0.0,23.8,0.0,0.0,否,否,否,是,否,否,否,否,是,基础服务,否
251,42.0,48.0,已婚,22.0,82.0,未完成中学学历,21.0,是,女,5.0,是,否,是,否,9.3,25.0,0.0,17.0,0.0,是,否,否,是,是,是,是,否,是,总服务,否
252,52.0,54.0,已婚,5.0,,研究生学位,10.0,是,男,2.0,否,是,否,是,11.05,0.0,36.3,0.0,30.15,是,是,否,是,是,否,否,否,是,电子服务,是
253,45.0,66.0,未婚,43.0,,中学学历,13.0,是,女,1.0,否,否,是,否,7.75,0.0,0.0,13.0,0.0,是,否,否,是,否,否,否,否,否,电子服务,否
254,3.0,25.0,未婚,4.0,22.0,大学学位,0.0,是,男,2.0,否,是,是,否,2.85,0.0,28.25,19.5,0.0,否,是,否,是,否,是,是,是,是,总服务,是
255,37.0,,已婚,16.0,35.0,未完成中学学历,16.0,是,女,4.0,否,否,否,否,21.3,0.0,0.0,0.0,0.0,否,否,否,否,否,是,是,否,否,附加服务,否
256,28.0,57.0,未婚,33.0,,大学学位,22.0,是,女,1.0,否,是,否,否,4.05,0.0,31.45,0.0,0.0,是,是,否,是,否,否,是,否,是,电子服务,是
257,40.0,63.0,已婚,9.0,,未完成中学学历,22.0,是,男,2.0,否,否,是,否,10.9,0.0,0.0,41.0,0.0,否,否,否,否,否,否,否,否,否,基础服务,否
258,37.0,33.0,未婚,1.0,102.0,中学学历,12.0,是,男,1.0,否,是,是,是,16.3,0.0,33.35,10.25,37.9,是,否,是,是,是,是,否,否,是,总服务,否
259,7.0,27.0,未婚,5.0,31.0,社区学院,4.0,是,男,5.0,是,是,否,是,4.15,15.0,46.05,0.0,41.85,是,是,是,是,是,是,是,否,是,总服务,是
260,71.0,56.0,未婚,23.0,170.0,未完成中学学历,30.0,是,女,1.0,是,否,是,否,14.2,27.0,0.0,30.0,0.0,是,是,是,否,否,是,是,是,否,总服务,否
261,19.0,46.0,未婚,11.0,26.0,中学学历,0.0,是,女,1.0,否,否,是,否,6.05,0.0,0.0,5.0,0.0,否,否,否,是,否,是,否,是,是,基础服务,否
262,61.0,40.0,未婚,15.0,85.0,社区学院,15.0,是,女,1.0,是,否,是,否,13.65,29.25,0.0,22.75,0.0,是,否,否,否,是,是,是,是,是,附加服务,否
263,70.0,53.0,已婚,16.0,183.0,中学学历,35.0,是,,2.0,否,否,是,否,32.9,0.0,0.0,15.0,0.0,是,否,否,否,否,否,否,否,否,电子服务,否
264,60.0,55.0,已婚,13.0,,未完成中学学历,,,女,2.0,否,否,是,否,10.75,0.0,0.0,14.75,0.0,否,否,否,否,否,否,否,否,否,基础服务,否
265,48.0,45.0,已婚,5.0,42.0,未完成中学学历,11.0,是,女,2.0,否,否,否,否,9.25,0.0,0.0,0.0,0.0,否,否,否,否,否,是,否,否,否,基础服务,否
266,8.0,63.0,已婚,1.0,31.0,未完成中学学历,9.0,是,男,2.0,是,否,是,否,2.25,13.75,0.0,11.25,0.0,否,否,否,否,是,否,是,是,否,附加服务,否
267,58.0,58.0,已婚,10.0,,中学学历,17.0,是,男,4.0,是,否,否,否,12.5,23.0,0.0,0.0,0.0,是,否,否,否,是,是,否,是,否,附加服务,否
268,16.0,24.0,已婚,5.0,24.0,社区学院,2.0,是,男,,否,否,是,否,9.4,0.0,0.0,14.75,0.0,否,否,否,否,是,是,是,否,否,附加服务,否
269,33.0,33.0,未婚,4.0,53.0,中学学历,14.0,是,女,1.0,否,否,否,否,5.05,0.0,0.0,0.0,0.0,否,否,否,否,是,否,否,否,否,基础服务,否
270,39.0,25.0,未婚,4.0,18.0,未完成中学学历,0.0,是,女,1.0,否,否,否,否,6.75,0.0,0.0,0.0,0.0,是,否,否,否,是,是,否,是,否,附加服务,否
271,62.0,51.0,未婚,10.0,43.0,大学学位,19.0,是,男,2.0,否,是,是,是,27.15,0.0,42.7,17.0,41.15,是,否,是,是,是,否,否,否,是,电子服务,否
272,50.0,34.0,未婚,,104.0,社区学院,9.0,是,男,1.0,是,是,是,是,27.5,21.75,52.1,20.25,47.9,是,是,是,是,是,是,是,是,是,总服务,否
273,48.0,55.0,未婚,,26.0,未完成中学学历,1.0,是,男,1.0,否,否,否,否,12.15,0.0,0.0,0.0,0.0,否,否,否,否,否,否,否,否,否,基础服务,否
274,31.0,62.0,未婚,,56.0,中学学历,26.0,是,女,1.0,是,否,是,否,4.3,22.25,0.0,13.75,0.0,否,是,否,否,是,是,是,是,否,附加服务,否
275,65.0,33.0,已婚,9.0,49.0,中学学历,6.0,是,男,5.0,是,否,是,否,42.9,17.25,0.0,17.5,0.0,是,否,否,否,否,否,是,否,否,电子服务,否
276,36.0,58.0,未婚,34.0,,未完成中学学历,21.0,是,女,1.0,否,否,是,否,8.5,0.0,0.0,8.5,0.0,是,否,否,否,否,是,否,否,否,电子服务,否
277,61.0,46.0,未婚,5.0,318.0,社区学院,18.0,是,女,1.0,是,否,是,否,28.9,39.25,0.0,84.75,0.0,是,是,否,否,是,是,是,是,否,附加服务,否
278,48.0,42.0,未婚,21.0,35.0,大学学位,5.0,是,男,1.0,否,否,否,否,12.9,0.0,0.0,0.0,0.0,是,否,否,否,否,是,是,否,否,附加服务,否
279,35.0,45.0,未婚,17.0,29.0,未完成中学学历,6.0,是,,1.0,否,否,否,否,8.4,0.0,0.0,0.0,0.0,否,否,否,否,否,否,是,否,否,基础服务,否
280,51.0,28.0,未婚,8.0,43.0,研究生学位,1.0,是,男,5.0,是,是,是,是,11.15,35.0,77.7,20.0,80.35,是,是,是,是,是,是,是,是,是,总服务,否
281,49.0,51.0,已婚,5.0,,研究生学位,3.0,是,男,2.0,否,是,是,是,5.75,0.0,51.75,36.0,36.7,是,是,是,是,是,是,是,是,是,总服务,是
282,35.0,39.0,已婚,11.0,30.0,社区学院,2.0,是,女,3.0,是,否,否,否,6.85,27.75,0.0,0.0,0.0,否,否,是,否,否,否,是,是,否,附加服务,是
283,58.0,70.0,未婚,2.0,9.0,社区学院,24.0,否,女,1.0,否,是,是,是,23.3,0.0,48.35,29.75,35.15,是,否,否,是,否,否,否,是,否,电子服务,否
284,23.0,35.0,已婚,0.0,23.0,中学学历,1.0,是,男,5.0,否,否,否,否,6.7,0.0,0.0,0.0,0.0,否,否,否,否,是,否,是,是,否,附加服务,否
285,26.0,39.0,已婚,15.0,58.0,大学学位,9.0,是,女,2.0,是,否,是,是,8.65,21.25,0.0,6.5,19.65,否,否,否,是,是,否,是,是,否,附加服务,否
286,38.0,37.0,已婚,1.0,52.0,未完成中学学历,20.0,是,女,4.0,是,否,是,是,12.2,41.5,0.0,18.75,54.4,是,是,是,否,是,是,是,是,否,总服务,否
287,35.0,66.0,,44.0,,社区学院,12.0,否,女,2.0,是,否,否,否,4.7,31.0,0.0,0.0,0.0,否,否,否,否,是,是,是,是,否,附加服务,否
288,37.0,50.0,未婚,9.0,,中学学历,21.0,是,,1.0,是,否,是,否,9.65,28.5,0.0,11.25,0.0,否,否,否,否,是,是,是,是,否,附加服务,否
289,48.0,43.0,已婚,1.0,60.0,中学学历,12.0,是,男,2.0,是,是,是,否,15.5,19.25,29.6,31.5,0.0,是,否,否,否,否,是,否,否,否,电子服务,否
290,13.0,43.0,已婚,1.0,123.0,社区学院,,,男,5.0,是,是,是,否,3.85,23.0,33.05,6.75,0.0,否,否,是,是,是,是,是,否,是,总服务,否
291,72.0,63.0,,29.0,,研究生学位,31.0,否,男,2.0,否,否,是,否,20.6,0.0,0.0,31.25,0.0,是,否,否,否,否,否,是,是,否,附加服务,否
292,30.0,27.0,未婚,4.0,47.0,大学学位,2.0,是,女,2.0,否,否,是,否,10.75,0.0,0.0,21.25,0.0,是,否,否,是,否,否,否,否,否,电子服务,是
293,24.0,43.0,未婚,14.0,138.0,大学学位,11.0,是,女,1.0,是,否,是,是,6.65,20.25,0.0,8.0,24.65,是,否,否,是,是,是,否,是,否,附加服务,否
294,25.0,51.0,,20.0,359.0,社区学院,,,男,2.0,是,是,是,是,5.75,27.5,39.2,40.5,21.4,否,是,是,否,是,是,是,是,否,总服务,否
295,50.0,52.0,未婚,30.0,214.0,社区学院,22.0,是,男,1.0,是,是,是,是,11.5,26.25,40.7,12.0,48.3,是,是,否,是,是,是,是,是,是,总服务,否
296,28.0,40.0,未婚,7.0,64.0,,19.0,是,男,1.0,是,否,否,否,6.0,27.5,0.0,0.0,0.0,否,否,否,否,是,否,否,是,否,附加服务,否
297,34.0,51.0,,8.0,,大学学位,14.0,是,男,1.0,否,否,是,否,16.15,0.0,0.0,15.75,0.0,否,是,否,否,否,否,否,否,是,基础服务,否
298,48.0,32.0,未婚,2.0,88.0,社区学院,9.0,是,男,1.0,是,否,是,是,6.15,33.75,0.0,29.75,44.75,是,是,是,是,是,是,是,是,否,总服务,否
299,42.0,36.0,已婚,8.0,86.0,中学学历,15.0,是,女,2.0,否,是,否,否,9.8,0.0,30.6,0.0,0.0,是,否,否,否,否,否,否,否,否,电子服务,否
300,67.0,65.0,已婚,30.0,,未完成中学学历,29.0,否,女,2.0,是,否,是,否,21.7,26.25,0.0,12.0,0.0,是,否,否,否,是,否,是,否,否,附加服务,否
301,17.0,41.0,已婚,7.0,25.0,中学学历,17.0,是,男,3.0,否,是,否,否,6.45,0.0,29.0,0.0,0.0,否,否,否,是,是,是,是,否,是,附加服务,否
302,29.0,38.0,已婚,,46.0,中学学历,6.0,是,男,2.0,否,是,否,否,8.35,0.0,22.95,0.0,0.0,是,否,否,否,否,否,否,否,是,电子服务,否
303,66.0,61.0,未婚,26.0,361.0,未完成中学学历,40.0,是,女,1.0,否,否,是,否,12.75,0.0,0.0,38.5,0.0,是,否,否,否,否,否,否,是,否,电子服务,否
304,,21.0,未婚,1.0,18.0,社区学院,0.0,是,女,1.0,否,是,否,否,2.7,0.0,32.7,0.0,0.0,否,否,否,是,否,否,否,是,是,基础服务,是
305,28.0,33.0,已婚,3.0,14.0,大学学位,1.0,是,男,3.0,是,是,否,是,4.55,15.75,33.0,0.0,23.95,是,否,是,是,否,是,是,否,是,总服务,是
306,15.0,,已婚,,34.0,社区学院,8.0,是,男,2.0,否,是,否,否,5.15,0.0,25.55,0.0,0.0,是,否,否,是,否,否,否,否,是,电子服务,是
307,12.0,64.0,未婚,13.0,9.0,中学学历,6.0,否,女,1.0,是,是,是,否,3.8,30.0,32.8,8.5,0.0,否,否,否,是,是,是,是,是,是,附加服务,否
308,48.0,49.0,未婚,18.0,39.0,中学学历,5.0,是,女,1.0,是,是,是,是,7.0,24.5,42.8,23.5,30.75,是,是,是,否,是,是,是,是,否,总服务,是
309,,25.0,已婚,4.0,18.0,社区学院,,,男,4.0,否,是,是,否,20.1,0.0,32.55,22.75,0.0,否,否,否,否,否,否,否,否,否,基础服务,否
310,8.0,,已婚,1.0,25.0,大学学位,1.0,是,男,2.0,否,是,否,否,3.15,0.0,20.05,0.0,0.0,否,否,否,是,否,否,否,否,是,基础服务,是
311,45.0,52.0,未婚,15.0,,研究生学位,8.0,是,女,1.0,否,否,是,否,9.4,0.0,0.0,8.75,0.0,是,否,否,否,否,否,否,否,是,电子服务,是
312,25.0,39.0,已婚,8.0,94.0,大学学位,,,女,,否,是,否,否,3.95,0.0,30.75,0.0,0.0,是,否,否,否,否,否,否,否,否,电子服务,是
313,21.0,44.0,已婚,4.0,26.0,社区学院,2.0,是,男,2.0,是,是,是,是,7.55,41.0,42.35,23.5,35.75,否,是,是,是,是,是,是,是,否,总服务,否
314,,68.0,已婚,1.0,335.0,未完成中学学历,,,女,3.0,是,否,是,是,3.55,18.75,0.0,29.25,27.9,否,是,是,否,是,是,是,是,否,总服务,否
315,41.0,45.0,未婚,14.0,25.0,社区学院,6.0,是,男,1.0,否,是,是,是,7.8,0.0,42.4,14.0,23.2,否,否,否,是,否,否,是,是,是,基础服务,是
316,13.0,45.0,,3.0,99.0,社区学院,8.0,是,女,2.0,否,否,是,否,8.7,0.0,0.0,23.75,0.0,否,是,否,是,是,否,是,否,否,附加服务,是
317,1.0,26.0,已婚,3.0,30.0,中学学历,7.0,是,女,5.0,否,是,否,否,1.05,0.0,15.4,0.0,0.0,否,否,否,否,否,否,否,否,是,基础服务,是
318,3.0,31.0,已婚,4.0,35.0,中学学历,2.0,是,女,,是,是,否,是,4.35,12.75,34.05,0.0,21.5,否,是,是,是,是,否,是,否,是,总服务,是
319,23.0,27.0,已婚,2.0,51.0,研究生学位,1.0,是,女,2.0,否,是,否,否,3.9,0.0,24.15,0.0,0.0,否,是,否,否,否,否,否,否,否,基础服务,是
320,26.0,42.0,未婚,20.0,49.0,社区学院,13.0,是,男,1.0,是,是,是,是,3.5,25.0,43.65,24.5,27.7,是,是,是,是,是,是,是,是,是,总服务,是
321,37.0,51.0,已婚,15.0,,,15.0,是,男,,是,否,是,否,9.55,16.5,0.0,8.25,0.0,是,否,否,否,否,是,否,是,否,附加服务,否
322,5.0,30.0,未婚,,46.0,大学学位,7.0,是,男,1.0,否,是,否,否,4.3,0.0,32.1,0.0,0.0,是,否,否,是,否,否,否,否,是,电子服务,是
323,32.0,27.0,已婚,,91.0,大学学位,,,女,3.0,是,是,是,是,5.5,16.0,42.65,3.75,41.3,否,是,是,是,是,否,否,是,是,总服务,是
324,12.0,22.0,未婚,1.0,,大学学位,0.0,是,男,2.0,否,否,否,否,4.05,0.0,0.0,0.0,0.0,否,否,否,否,否,否,是,否,否,基础服务,否
325,72.0,54.0,已婚,,345.0,未完成中学学历,32.0,是,男,2.0,否,否,是,否,75.45,0.0,0.0,18.25,0.0,是,否,否,否,否,是,否,是,否,附加服务,否
326,3.0,25.0,已婚,2.0,,,0.0,是,女,2.0,是,是,否,否,3.0,15.75,31.15,0.0,0.0,否,否,否,是,否,否,否,否,是,基础服务,是
327,54.0,43.0,未婚,12.0,53.0,中学学历,12.0,是,男,1.0,是,否,是,否,14.35,32.25,0.0,16.75,0.0,是,否,否,否,是,是,是,是,否,附加服务,否
328,26.0,26.0,未婚,2.0,14.0,中学学历,6.0,是,女,1.0,是,是,否,是,7.8,36.5,38.7,0.0,27.9,是,否,是,是,是,否,是,是,是,总服务,是
329,14.0,36.0,未婚,13.0,67.0,研究生学位,4.0,是,女,1.0,否,是,否,否,14.05,0.0,25.1,0.0,0.0,否,否,否,是,否,是,否,否,否,基础服务,否
330,22.0,51.0,未婚,27.0,49.0,社区学院,1.0,是,男,1.0,否,是,是,否,9.0,0.0,30.45,17.5,0.0,否,否,是,否,否,否,是,否,是,基础服务,否
331,65.0,47.0,已婚,,37.0,未完成中学学历,15.0,是,女,4.0,否,否,是,否,19.05,0.0,0.0,14.0,0.0,否,否,否,否,否,否,否,否,否,基础服务,否
332,26.0,45.0,未婚,,33.0,未完成中学学历,9.0,是,男,1.0,是,否,是,否,9.6,24.25,0.0,11.25,0.0,否,否,否,否,否,否,否,是,否,基础服务,否
333,20.0,37.0,未婚,5.0,46.0,社区学院,10.0,是,女,4.0,否,是,是,是,4.9,0.0,44.6,6.25,41.35,是,是,是,是,是,否,是,是,是,总服务,否
334,67.0,60.0,已婚,32.0,93.0,未完成中学学历,21.0,是,男,4.0,否,是,是,否,18.85,0.0,32.0,42.75,0.0,是,否,否,否,否,否,否,否,是,电子服务,否
335,34.0,55.0,未婚,2.0,48.0,中学学历,11.0,是,男,1.0,否,否,否,否,4.25,0.0,0.0,0.0,0.0,否,否,否,否,否,否,否,否,否,基础服务,否
336,37.0,54.0,已婚,35.0,,中学学历,22.0,是,男,3.0,是,否,是,否,7.3,20.5,0.0,7.5,0.0,否,否,否,否,是,是,否,是,否,附加服务,否
337,22.0,23.0,已婚,,16.0,未完成中学学历,5.0,是,男,4.0,否,否,是,否,5.4,0.0,0.0,8.5,0.0,否,否,否,否,否,否,否,否,否,基础服务,否
338,5.0,69.0,未婚,,11.0,中学学历,14.0,否,男,1.0,是,否,是,否,6.65,9.75,0.0,8.0,0.0,否,否,否,否,否,否,否,否,否,基础服务,否
339,28.0,31.0,已婚,0.0,42.0,大学学位,5.0,是,女,3.0,是,否,否,否,12.25,23.75,0.0,0.0,0.0,是,否,否,否,是,否,否,是,否,附加服务,否
340,20.0,41.0,已婚,7.0,67.0,大学学位,14.0,是,女,4.0,否,否,否,否,7.25,0.0,0.0,0.0,0.0,否,否,否,否,否,否,否,否,否,基础服务,否
341,72.0,41.0,未婚,20.0,181.0,大学学位,12.0,是,男,1.0,是,是,是,是,27.3,23.25,69.4,7.75,52.4,是,是,是,是,是,是,否,是,是,总服务,否
342,30.0,43.0,未婚,18.0,53.0,大学学位,6.0,是,男,1.0,否,是,否,否,7.0,0.0,26.8,0.0,0.0,否,否,否,是,否,否,否,是,是,基础服务,否
343,71.0,52.0,未婚,17.0,172.0,中学学历,32.0,是,男,,是,是,是,是,49.25,41.5,50.9,27.25,68.1,是,是,是,是,是,是,是,是,否,总服务,否
344,56.0,44.0,未婚,24.0,87.0,中学学历,19.0,是,男,1.0,是,否,是,否,14.75,42.25,0.0,16.25,0.0,否,否,否,否,是,是,是,是,否,附加服务,否
345,8.0,29.0,,2.0,21.0,研究生学位,,,男,2.0,否,是,否,否,4.15,0.0,24.3,0.0,0.0,否,否,否,否,否,否,否,否,否,基础服务,是
346,32.0,65.0,未婚,6.0,,中学学历,30.0,否,女,1.0,否,否,否,否,6.25,0.0,0.0,0.0,0.0,是,否,否,是,否,否,否,否,是,电子服务,否
347,46.0,47.0,未婚,22.0,144.0,社区学院,22.0,是,女,2.0,是,否,否,否,3.5,28.25,0.0,0.0,0.0,否,否,否,否,否,是,是,是,否,附加服务,是
348,60.0,45.0,已婚,23.0,117.0,大学学位,11.0,是,男,3.0,是,是,是,是,12.4,28.0,51.7,19.5,52.9,是,是,是,是,是,是,是,是,是,总服务,否
349,42.0,32.0,已婚,0.0,,大学学位,4.0,是,女,6.0,是,是,是,是,16.7,38.25,53.45,22.75,72.6,是,是,是,是,是,是,是,是,否,总服务,否
350,71.0,60.0,已婚,,,大学学位,35.0,是,男,4.0,是,否,是,否,23.55,48.25,0.0,21.0,0.0,是,是,是,否,是,是,是,是,否,总服务,否
351,72.0,63.0,已婚,40.0,,中学学历,43.0,否,女,2.0,是,否,是,否,81.55,62.25,0.0,15.5,0.0,是,否,是,否,是,是,是,是,否,附加服务,否
352,45.0,66.0,未婚,11.0,87.0,社区学院,25.0,否,女,1.0,否,否,是,否,6.05,0.0,0.0,21.25,0.0,否,否,否,否,是,否,否,否,否,基础服务,否
353,5.0,31.0,未婚,,34.0,未完成中学学历,9.0,是,男,1.0,是,是,是,是,1.6,17.25,31.1,12.75,19.85,否,是,否,否,是,是,是,是,否,附加服务,是
354,17.0,38.0,已婚,19.0,18.0,大学学位,0.0,是,女,4.0,否,否,否,否,8.55,0.0,0.0,0.0,0.0,是,否,否,否,否,否,否,否,否,电子服务,否
355,70.0,55.0,未婚,12.0,,社区学院,24.0,是,男,1.0,是,否,是,否,26.7,42.75,0.0,20.5,0.0,是,是,否,否,是,是,是,是,否,附加服务,否
356,57.0,57.0,已婚,19.0,130.0,社区学院,27.0,是,女,2.0,否,是,是,否,13.55,0.0,30.65,12.75,0.0,是,否,否,是,否,否,否,否,是,电子服务,否
357,20.0,33.0,,,44.0,社区学院,8.0,是,女,1.0,否,是,否,否,6.4,0.0,29.05,0.0,0.0,是,否,否,否,否,否,是,是,是,电子服务,否
358,72.0,52.0,已婚,21.0,,未完成中学学历,24.0,是,男,3.0,是,否,是,否,41.95,25.75,0.0,33.25,0.0,是,否,否,否,是,是,是,是,否,附加服务,否
359,32.0,50.0,未婚,28.0,,大学学位,,,男,1.0,是,否,是,是,4.6,38.5,0.0,37.75,23.5,否,否,否,否,是,是,是,是,否,附加服务,否
360,22.0,57.0,已婚,7.0,264.0,未完成中学学历,35.0,是,女,2.0,否,否,是,否,3.0,0.0,0.0,6.0,0.0,否,否,否,否,是,否,是,是,否,附加服务,否
361,6.0,24.0,未婚,,28.0,未完成中学学历,5.0,是,男,2.0,是,否,是,否,4.4,9.0,0.0,28.25,0.0,否,否,否,否,是,是,是,是,否,附加服务,是
362,32.0,23.0,已婚,2.0,26.0,社区学院,1.0,是,女,6.0,是,是,是,否,11.0,24.0,31.1,28.25,0.0,是,是,否,是,是,是,是,是,否,总服务,否
363,38.0,33.0,未婚,3.0,38.0,,0.0,是,男,1.0,否,是,是,否,10.95,0.0,27.2,12.25,0.0,是,否,否,是,否,否,否,否,是,电子服务,否
364,53.0,35.0,,,59.0,社区学院,5.0,是,女,1.0,是,否,是,否,16.85,23.25,0.0,18.5,0.0,否,否,是,否,否,是,是,否,否,附加服务,否
365,37.0,76.0,未婚,38.0,117.0,大学学位,,,,1.0,否,否,是,否,7.5,0.0,0.0,6.25,0.0,否,否,否,否,否,否,否,否,否,基础服务,否
366,47.0,35.0,,13.0,70.0,大学学位,9.0,是,女,2.0,是,是,否,是,10.75,33.0,47.4,0.0,45.85,是,是,是,是,是,是,否,是,是,总服务,是
367,69.0,59.0,未婚,37.0,104.0,中学学历,13.0,是,男,1.0,是,否,是,否,16.0,30.5,0.0,13.75,0.0,是,是,否,否,是,是,是,是,否,附加服务,否
368,63.0,56.0,未婚,17.0,,社区学院,18.0,是,女,1.0,否,否,是,否,18.4,0.0,0.0,24.75,0.0,否,否,否,否,否,否,否,是,否,基础服务,否
369,61.0,34.0,已婚,0.0,70.0,社区学院,7.0,是,女,3.0,是,是,是,是,18.85,30.0,51.95,18.75,47.3,是,是,是,是,是,是,是,是,是,总服务,是
370,56.0,38.0,已婚,,56.0,大学学位,10.0,是,男,2.0,是,是,是,是,25.1,26.75,44.95,11.5,27.4,否,否,是,是,是,是,否,否,是,总服务,否
371,40.0,57.0,已婚,18.0,68.0,未完成中学学历,23.0,是,男,2.0,是,否,否,否,13.35,25.75,0.0,0.0,0.0,否,否,否,否,否,是,否,是,否,附加服务,否
372,61.0,45.0,未婚,21.0,80.0,中学学历,13.0,是,女,1.0,否,否,是,否,18.1,0.0,0.0,35.25,0.0,是,否,否,否,否,否,否,否,否,电子服务,否
373,16.0,26.0,未婚,7.0,21.0,大学学位,1.0,是,男,,是,是,否,是,3.55,11.0,44.75,0.0,30.8,是,是,是,是,否,否,是,否,是,总服务,否
374,7.0,43.0,未婚,4.0,69.0,,5.0,是,女,1.0,否,否,否,否,4.45,0.0,0.0,0.0,0.0,否,否,否,否,否,否,否,否,否,基础服务,否
375,20.0,31.0,已婚,10.0,39.0,中学学历,3.0,是,女,2.0,否,否,否,否,7.75,0.0,0.0,0.0,0.0,否,否,否,否,否,否,否,否,否,基础服务,否
376,35.0,38.0,未婚,7.0,90.0,中学学历,18.0,是,男,4.0,是,否,是,否,6.8,17.75,0.0,14.0,0.0,是,否,是,是,否,是,否,否,是,电子服务,否
377,60.0,37.0,已婚,12.0,64.0,研究生学位,1.0,是,女,2.0,否,否,是,否,14.85,0.0,0.0,17.5,0.0,是,否,否,否,否,否,否,否,否,电子服务,否
378,47.0,25.0,未婚,2.0,,中学学历,6.0,是,男,1.0,是,是,是,是,7.75,19.75,35.15,17.0,31.15,否,是,是,否,是,是,是,是,是,总服务,否
379,33.0,28.0,已婚,,24.0,中学学历,0.0,是,女,6.0,否,否,是,否,7.5,0.0,0.0,15.75,0.0,否,否,否,否,否,否,否,否,是,基础服务,否
380,12.0,34.0,未婚,,44.0,中学学历,7.0,是,男,1.0,否,否,否,否,4.05,0.0,0.0,0.0,0.0,否,否,否,否,否,否,否,否,否,基础服务,否
381,10.0,31.0,未婚,0.0,,大学学位,7.0,是,女,2.0,否,是,否,否,5.4,0.0,28.35,0.0,0.0,是,否,是,是,否,否,否,否,是,电子服务,是
382,69.0,33.0,已婚,9.0,52.0,大学学位,9.0,是,女,3.0,否,否,是,否,29.95,0.0,0.0,29.0,0.0,是,否,否,否,否,否,是,是,否,附加服务,否
383,23.0,20.0,未婚,,15.0,社区学院,0.0,是,女,1.0,否,否,否,否,7.5,0.0,0.0,0.0,0.0,是,否,否,否,否,否,否,否,否,电子服务,否
384,53.0,31.0,未婚,10.0,46.0,社区学院,6.0,是,男,2.0,是,是,是,否,27.1,18.5,42.5,37.5,0.0,是,否,是,是,否,否,否,否,否,电子服务,否
385,60.0,57.0,已婚,14.0,,中学学历,33.0,是,女,2.0,是,否,是,是,17.55,30.75,0.0,21.25,46.7,是,否,是,否,是,是,是,是,否,附加服务,否
386,33.0,33.0,未婚,7.0,56.0,中学学历,11.0,是,男,1.0,否,否,是,否,13.45,0.0,0.0,16.0,0.0,否,否,否,否,否,是,否,否,否,基础服务,否
387,67.0,40.0,已婚,21.0,40.0,大学学位,,,女,4.0,否,是,是,是,24.35,0.0,46.6,15.25,37.45,是,是,是,是,是,否,是,否,是,总服务,否
388,15.0,38.0,已婚,,56.0,社区学院,13.0,是,,3.0,是,否,是,否,5.4,18.0,0.0,15.0,0.0,否,否,否,否,是,是,是,否,否,附加服务,否
389,64.0,31.0,已婚,5.0,46.0,中学学历,7.0,是,女,4.0,否,是,是,是,24.15,0.0,34.8,17.75,33.2,是,是,否,是,否,否,是,否,是,电子服务,否
390,46.0,49.0,已婚,13.0,51.0,中学学历,21.0,是,,2.0,否,否,是,否,7.25,0.0,0.0,21.75,0.0,否,否,否,否,否,否,否,否,否,基础服务,是
391,72.0,60.0,已婚,33.0,,未完成中学学历,20.0,否,男,3.0,是,否,是,是,53.75,68.5,0.0,10.25,43.95,是,是,是,否,是,是,是,是,否,总服务,否
392,61.0,43.0,,6.0,34.0,研究生学位,6.0,是,男,3.0,是,是,是,是,25.05,39.0,56.8,32.75,51.0,是,是,是,是,是,是,是,是,是,总服务,是
393,54.0,27.0,未婚,3.0,27.0,中学学历,6.0,是,女,5.0,是,是,是,是,12.4,35.0,48.3,5.75,43.5,是,是,是,是,是,是,否,是,是,总服务,否
394,28.0,36.0,未婚,3.0,42.0,社区学院,7.0,是,女,1.0,是,否,是,否,12.9,28.25,0.0,14.0,0.0,否,否,否,是,是,是,是,是,否,附加服务,否
395,28.0,38.0,,8.0,119.0,研究生学位,2.0,是,男,3.0,否,是,否,是,5.05,0.0,46.9,0.0,42.65,是,是,是,是,否,否,否,是,是,总服务,是
396,32.0,43.0,未婚,13.0,146.0,未完成中学学历,27.0,是,女,1.0,是,否,是,是,18.3,33.5,0.0,15.5,17.45,否,否,否,否,是,是,是,是,否,附加服务,否
397,52.0,46.0,未婚,17.0,51.0,中学学历,13.0,是,女,3.0,否,否,是,否,12.5,0.0,0.0,15.0,0.0,是,否,否,否,否,否,否,否,否,电子服务,否
398,48.0,62.0,未婚,33.0,,未完成中学学历,,,,1.0,是,是,是,是,16.35,33.5,38.95,18.75,30.6,否,是,否,否,是,是,是,是,是,附加服务,否
399,52.0,42.0,已婚,17.0,27.0,社区学院,8.0,是,女,2.0,是,否,是,否,19.65,31.0,0.0,19.75,0.0,否,否,否,是,是,是,是,是,否,附加服务,否
400,37.0,43.0,未婚,8.0,38.0,社区学院,9.0,是,男,1.0,否,否,否,否,8.1,0.0,0.0,0.0,0.0,是,否,否,否,否,否,否,否,否,电子服务,否
401,41.0,52.0,未婚,26.0,928.0,社区学院,29.0,是,男,3.0,是,否,是,否,7.65,25.0,0.0,13.5,0.0,否,是,否,否,是,是,是,是,否,附加服务,否
402,43.0,27.0,已婚,3.0,21.0,中学学历,1.0,是,女,3.0,否,否,是,否,12.65,0.0,0.0,16.5,0.0,是,否,否,否,否,否,否,否,否,电子服务,否
403,67.0,,未婚,24.0,,未完成中学学历,6.0,是,女,1.0,否,否,是,否,25.1,0.0,0.0,21.5,0.0,是,是,否,否,否,否,是,是,否,附加服务,否
404,61.0,52.0,已婚,30.0,,未完成中学学历,25.0,是,,2.0,否,否,是,否,13.8,0.0,0.0,47.0,0.0,否,否,否,否,否,否,否,否,否,基础服务,否
405,70.0,39.0,,20.0,38.0,中学学历,8.0,是,女,4.0,是,否,是,否,30.3,26.5,0.0,51.25,0.0,是,否,否,否,是,否,否,是,否,附加服务,否
406,44.0,32.0,已婚,1.0,96.0,大学学位,5.0,是,女,4.0,是,是,是,是,5.25,22.0,61.95,8.75,57.8,是,是,是,是,是,是,是,是,是,总服务,否
407,46.0,45.0,未婚,12.0,96.0,社区学院,17.0,是,男,1.0,否,是,是,否,10.95,0.0,24.5,9.75,0.0,是,否,否,是,否,否,否,否,是,电子服务,否
408,39.0,34.0,未婚,,54.0,社区学院,5.0,是,男,1.0,否,否,是,否,6.5,0.0,0.0,13.25,0.0,否,否,否,否,否,否,否,否,否,基础服务,否
409,39.0,59.0,,20.0,,大学学位,27.0,是,女,1.0,是,否,否,否,8.2,15.0,0.0,0.0,0.0,是,是,否,是,是,是,否,否,否,电子服务,否
410,50.0,29.0,已婚,10.0,53.0,大学学位,,,女,4.0,是,是,是,是,13.2,46.0,53.15,11.5,46.4,是,是,是,否,是,是,是,是,否,总服务,否
411,5.0,31.0,未婚,1.0,21.0,社区学院,1.0,是,女,2.0,否,否,否,否,2.6,0.0,0.0,0.0,0.0,否,否,否,否,否,否,否,否,是,基础服务,是
412,10.0,34.0,未婚,1.0,52.0,研究生学位,3.0,是,女,1.0,否,是,否,是,4.3,0.0,32.55,0.0,25.4,是,否,否,是,否,否,否,否,是,电子服务,是
413,72.0,69.0,未婚,45.0,17.0,社区学院,36.0,否,女,1.0,否,否,是,否,38.2,0.0,0.0,28.25,0.0,是,否,否,否,否,否,否,否,否,电子服务,否
414,68.0,60.0,未婚,40.0,,中学学历,39.0,是,女,1.0,否,否,是,否,31.6,0.0,0.0,26.0,0.0,是,否,否,否,是,是,是,否,否,附加服务,否
415,58.0,28.0,未婚,5.0,34.0,研究生学位,1.0,是,女,1.0,否,是,是,否,19.9,0.0,41.7,23.75,0.0,是,是,是,是,否,否,否,否,是,电子服务,否
416,18.0,44.0,已婚,10.0,107.0,未完成中学学历,19.0,是,女,7.0,否,否,否,否,2.25,0.0,0.0,0.0,0.0,否,否,否,否,否,否,否,否,否,基础服务,否
417,65.0,45.0,已婚,25.0,67.0,研究生学位,,,女,2.0,是,是,是,否,9.85,20.75,27.65,36.0,0.0,是,否,否,否,否,是,否,是,否,附加服务,否
418,8.0,45.0,未婚,,37.0,大学学位,0.0,是,男,1.0,否,是,否,否,4.65,0.0,32.05,0.0,0.0,是,否,否,是,否,否,否,否,是,电子服务,是
419,1.0,20.0,未婚,1.0,21.0,中学学历,0.0,是,女,2.0,否,是,否,否,0.9,0.0,23.85,0.0,0.0,否,是,是,否,是,否,否,否,是,基础服务,是
420,42.0,58.0,未婚,7.0,,未完成中学学历,4.0,是,女,1.0,否,否,否,否,3.6,0.0,0.0,0.0,0.0,是,否,否,否,否,否,否,否,否,电子服务,否
421,4.0,25.0,已婚,,71.0,社区学院,,,女,5.0,否,是,否,否,3.6,0.0,28.7,0.0,0.0,否,是,否,是,否,否,否,否,是,基础服务,否
422,17.0,35.0,未婚,4.0,77.0,社区学院,,,女,1.0,是,否,否,否,8.1,15.0,0.0,0.0,0.0,否,否,否,否,是,是,是,否,否,附加服务,否
423,8.0,24.0,,1.0,18.0,大学学位,0.0,是,女,5.0,是,是,是,是,2.95,17.0,39.3,20.0,34.3,否,是,是,是,是,是,是,是,是,总服务,是
424,49.0,37.0,已婚,17.0,50.0,中学学历,12.0,是,女,2.0,否,否,是,否,4.2,0.0,0.0,16.5,0.0,是,否,否,否,否,否,否,否,否,电子服务,否
425,56.0,46.0,已婚,,33.0,大学学位,,,男,2.0,否,是,是,否,22.7,0.0,32.9,8.5,0.0,是,否,否,是,否,否,否,否,是,电子服务,否
426,62.0,57.0,已婚,21.0,94.0,未完成中学学历,22.0,是,男,2.0,是,否,是,否,11.95,32.0,0.0,53.0,0.0,是,否,是,否,是,是,是,是,是,总服务,否
427,42.0,57.0,已婚,25.0,209.0,未完成中学学历,40.0,是,女,4.0,否,否,是,否,9.45,0.0,0.0,11.0,0.0,否,否,否,否,否,否,否,否,否,基础服务,否
428,13.0,32.0,未婚,7.0,31.0,大学学位,5.0,是,男,2.0,是,否,是,是,5.05,35.5,0.0,10.5,23.3,否,是,否,否,是,是,是,是,否,附加服务,否
429,69.0,46.0,已婚,18.0,66.0,中学学历,19.0,是,男,4.0,否,否,是,否,21.85,0.0,0.0,46.5,0.0,是,否,否,否,否,否,否,否,否,电子服务,否
430,45.0,59.0,未婚,,51.0,未完成中学学历,15.0,是,男,2.0,否,否,是,否,5.95,0.0,0.0,5.25,0.0,否,否,否,否,否,否,否,否,否,基础服务,否
431,66.0,42.0,已婚,18.0,118.0,中学学历,20.0,是,男,2.0,否,否,是,否,26.8,0.0,0.0,21.75,0.0,是,否,否,否,否,否,否,否,否,电子服务,否
432,15.0,35.0,未婚,10.0,25.0,中学学历,3.0,是,男,1.0,否,是,否,否,4.75,0.0,21.4,0.0,0.0,否,否,否,是,否,否,否,否,是,基础服务,是
433,41.0,44.0,已婚,1.0,59.0,社区学院,21.0,是,女,,否,是,是,否,12.1,0.0,44.9,24.5,0.0,是,是,否,是,否,是,否,否,是,电子服务,否
434,11.0,20.0,未婚,1.0,,中学学历,0.0,是,女,1.0,是,是,是,是,4.75,23.0,38.55,13.5,42.7,否,是,是,是,是,是,是,是,是,总服务,是
435,45.0,30.0,,0.0,,研究生学位,,,男,4.0,是,是,是,是,7.1,40.75,39.75,16.5,50.85,是,是,是,是,是,是,是,是,是,总服务,是
436,52.0,62.0,未婚,23.0,,大学学位,17.0,是,男,1.0,是,否,是,否,13.35,18.5,0.0,18.5,0.0,否,否,否,否,否,否,否,是,否,基础服务,否
437,42.0,56.0,未婚,24.0,,大学学位,18.0,是,女,1.0,否,是,是,是,8.0,0.0,38.5,20.5,40.05,是,是,是,是,是,是,是,是,是,总服务,否
438,48.0,35.0,,11.0,50.0,未完成中学学历,,,男,3.0,是,否,是,否,12.85,21.75,0.0,17.0,0.0,否,是,否,否,是,是,否,否,否,附加服务,否
439,4.0,31.0,未婚,5.0,39.0,中学学历,5.0,是,男,2.0,是,是,是,是,4.9,26.0,41.55,10.0,36.4,否,是,是,是,是,是,是,是,是,总服务,是
440,53.0,64.0,已婚,10.0,54.0,中学学历,20.0,是,女,2.0,是,是,是,是,9.65,39.25,51.15,53.5,74.8,是,是,是,是,是,是,是,是,是,总服务,否
441,1.0,59.0,未婚,4.0,9.0,未完成中学学历,4.0,否,男,1.0,是,否,是,否,3.8,26.5,0.0,20.5,0.0,否,否,否,否,是,是,是,否,否,附加服务,否
442,19.0,30.0,已婚,,33.0,大学学位,1.0,是,男,3.0,是,是,否,否,4.05,22.25,31.8,0.0,0.0,否,是,是,是,否,是,是,是,是,总服务,否
443,33.0,30.0,未婚,11.0,28.0,未完成中学学历,9.0,是,男,1.0,否,否,否,否,7.4,0.0,0.0,0.0,0.0,否,否,否,否,否,否,是,否,否,基础服务,否
444,42.0,36.0,已婚,,44.0,中学学历,11.0,是,男,3.0,是,否,否,是,7.0,26.5,0.0,0.0,26.1,否,否,是,否,是,是,是,是,否,附加服务,否
445,,32.0,未婚,12.0,34.0,大学学位,4.0,是,女,2.0,否,否,是,否,23.95,0.0,0.0,10.0,0.0,是,否,否,否,否,否,否,否,否,电子服务,否
446,57.0,51.0,,7.0,68.0,大学学位,18.0,是,女,3.0,是,否,是,否,16.05,18.75,0.0,8.25,0.0,是,否,否,否,是,是,是,是,否,附加服务,否
447,64.0,39.0,未婚,5.0,37.0,未完成中学学历,9.0,是,男,1.0,否,否,是,否,10.2,0.0,0.0,17.5,0.0,否,否,否,否,否,否,否,否,否,基础服务,否
448,28.0,20.0,已婚,1.0,18.0,社区学院,0.0,是,男,3.0,否,是,否,是,7.7,0.0,38.9,0.0,32.0,是,是,是,是,否,是,否,是,是,总服务,否
449,29.0,35.0,已婚,10.0,55.0,中学学历,7.0,是,男,4.0,是,否,是,否,15.65,21.75,0.0,30.75,0.0,否,否,否,否,否,是,是,是,否,附加服务,是
450,46.0,31.0,已婚,12.0,21.0,未完成中学学历,5.0,是,男,5.0,否,否,是,否,8.95,0.0,0.0,9.25,0.0,否,否,否,否,否,是,是,是,否,附加服务,否
451,22.0,41.0,,9.0,29.0,社区学院,11.0,是,男,4.0,否,否,否,否,12.75,0.0,0.0,0.0,0.0,否,否,否,否,否,否,否,否,否,基础服务,是
452,10.0,56.0,未婚,26.0,9.0,中学学历,6.0,否,,2.0,否,否,否,否,3.2,0.0,0.0,0.0,0.0,否,否,否,否,否,否,否,是,否,基础服务,否
453,50.0,41.0,未婚,16.0,138.0,中学学历,,,女,1.0,是,是,是,否,12.35,19.75,27.85,14.5,0.0,是,否,否,否,否,否,否,否,是,电子服务,是
454,55.0,65.0,未婚,34.0,,大学学位,12.0,否,女,1.0,是,否,是,是,18.6,46.25,0.0,14.75,41.2,否,是,是,否,是,是,是,是,否,总服务,否
455,15.0,54.0,未婚,7.0,62.0,未完成中学学历,11.0,是,男,1.0,否,否,否,否,3.15,0.0,0.0,0.0,0.0,否,否,否,否,是,否,否,否,否,基础服务,否
456,31.0,,已婚,13.0,37.0,社区学院,8.0,是,女,3.0,是,否,是,是,4.6,19.75,0.0,8.75,56.45,是,是,是,是,是,是,是,是,否,总服务,否
457,5.0,44.0,未婚,5.0,83.0,未完成中学学历,16.0,是,女,1.0,否,是,否,否,4.65,0.0,25.25,0.0,0.0,是,否,否,否,否,是,否,否,否,电子服务,是
458,69.0,63.0,未婚,28.0,168.0,未完成中学学历,43.0,是,女,2.0,是,否,是,否,14.5,44.25,0.0,18.25,0.0,否,否,否,否,是,是,是,是,否,附加服务,否
459,26.0,27.0,已婚,,33.0,大学学位,1.0,是,男,6.0,是,是,是,是,5.85,25.5,42.45,13.25,34.15,是,是,是,是,是,是,是,是,是,总服务,是
460,10.0,33.0,已婚,2.0,,社区学院,9.0,是,女,4.0,是,否,是,否,7.1,21.25,0.0,25.25,0.0,否,否,否,是,是,否,是,否,否,基础服务,是
461,26.0,30.0,未婚,9.0,18.0,大学学位,1.0,是,男,3.0,是,否,是,否,7.25,25.5,0.0,32.5,0.0,否,是,是,否,是,是,是,是,否,总服务,是
462,25.0,30.0,未婚,0.0,20.0,未完成中学学历,4.0,是,女,1.0,是,否,是,否,8.55,21.75,0.0,15.5,0.0,否,否,否,否,是,是,否,是,否,附加服务,否
463,30.0,23.0,,4.0,19.0,社区学院,1.0,是,男,4.0,否,是,是,否,7.9,0.0,35.2,27.5,0.0,是,否,否,是,否,否,否,否,是,电子服务,否
464,21.0,39.0,已婚,7.0,25.0,中学学历,1.0,是,男,4.0,是,否,是,是,8.5,27.0,0.0,20.0,31.25,否,否,否,否,是,是,是,是,否,附加服务,否
465,71.0,46.0,未婚,27.0,119.0,研究生学位,7.0,是,女,1.0,否,是,是,是,42.85,0.0,70.05,15.0,111.95,是,是,是,是,否,否,是,是,是,总服务,否
466,11.0,48.0,已婚,5.0,323.0,大学学位,25.0,是,男,4.0,是,否,是,是,5.25,30.0,0.0,21.75,25.75,否,否,否,是,是,是,是,是,否,附加服务,是
467,,30.0,已婚,7.0,45.0,未完成中学学历,11.0,是,女,2.0,否,否,否,否,6.0,0.0,0.0,0.0,0.0,否,否,否,否,否,否,是,否,否,基础服务,否
468,65.0,59.0,已婚,27.0,197.0,大学学位,26.0,是,男,2.0,否,是,是,否,45.4,0.0,25.75,46.75,0.0,是,否,是,否,否,否,否,否,是,电子服务,否
469,16.0,34.0,已婚,,56.0,社区学院,10.0,是,女,3.0,否,否,否,否,9.35,0.0,0.0,0.0,0.0,否,否,否,否,否,否,否,否,否,基础服务,是
470,37.0,51.0,,,,大学学位,4.0,是,男,2.0,否,否,是,否,8.2,0.0,0.0,13.75,0.0,是,否,否,否,否,否,否,否,是,电子服务,否
471,5.0,30.0,,4.0,25.0,社区学院,6.0,是,男,,是,是,否,否,2.4,14.75,27.5,0.0,0.0,否,否,否,否,是,是,是,否,否,附加服务,是
472,3.0,55.0,已婚,9.0,26.0,,0.0,是,女,2.0,否,是,否,否,6.4,0.0,31.2,0.0,0.0,是,是,否,是,否,否,否,否,是,电子服务,是
473,5.0,32.0,未婚,6.0,33.0,大学学位,3.0,是,,2.0,否,是,否,否,3.2,0.0,21.6,0.0,0.0,否,否,否,是,否,否,否,否,是,基础服务,是
474,60.0,44.0,已婚,4.0,150.0,中学学历,24.0,是,男,2.0,是,否,是,是,20.0,63.5,0.0,15.0,36.8,是,是,是,否,是,是,是,是,是,总服务,否
475,19.0,37.0,已婚,4.0,99.0,中学学历,15.0,是,女,3.0,否,否,否,否,8.0,0.0,0.0,0.0,0.0,是,否,否,是,是,否,否,否,是,电子服务,是
476,54.0,40.0,未婚,19.0,50.0,大学学位,12.0,是,女,2.0,否,否,是,是,22.8,0.0,0.0,5.0,33.05,是,是,否,是,是,是,是,是,是,总服务,否
477,25.0,41.0,未婚,3.0,,社区学院,20.0,是,女,4.0,否,否,是,否,7.4,0.0,0.0,11.0,0.0,否,否,否,否,否,是,是,是,否,附加服务,否
478,1.0,36.0,未婚,6.0,21.0,未完成中学学历,,,男,2.0,否,是,否,否,1.35,0.0,22.6,0.0,0.0,是,否,否,否,是,否,否,否,是,电子服务,是
479,54.0,68.0,,7.0,273.0,社区学院,27.0,是,女,1.0,否,否,是,否,18.35,0.0,0.0,6.0,0.0,否,否,否,是,否,否,否,否,是,基础服务,否
480,14.0,31.0,已婚,9.0,39.0,社区学院,4.0,是,女,7.0,否,否,否,否,4.4,0.0,0.0,0.0,0.0,否,否,否,否,否,否,否,否,否,基础服务,否
481,14.0,28.0,已婚,,17.0,中学学历,3.0,是,男,4.0,否,是,否,否,5.8,0.0,20.85,0.0,0.0,否,否,否,否,否,否,否,否,是,基础服务,是
482,10.0,45.0,,8.0,115.0,社区学院,17.0,是,女,4.0,否,是,否,否,5.7,0.0,28.05,0.0,0.0,是,否,否,是,否,否,否,否,是,电子服务,是
483,7.0,23.0,未婚,3.0,27.0,中学学历,1.0,是,女,3.0,是,否,是,否,3.65,9.5,0.0,7.0,0.0,否,否,否,否,否,是,是,否,否,基础服务,否
484,33.0,45.0,未婚,24.0,35.0,未完成中学学历,6.0,是,男,1.0,是,否,是,否,5.65,24.0,0.0,25.5,0.0,否,否,是,否,是,是,是,是,否,附加服务,是
485,3.0,23.0,未婚,2.0,20.0,中学学历,4.0,是,男,1.0,否,是,否,否,4.65,0.0,30.0,0.0,0.0,否,是,否,是,否,否,否,是,是,基础服务,否
486,56.0,58.0,已婚,,,未完成中学学历,25.0,是,男,3.0,否,否,是,否,8.25,0.0,0.0,19.75,0.0,否,否,否,否,否,否,否,是,否,基础服务,否
487,54.0,56.0,未婚,8.0,207.0,中学学历,35.0,是,女,1.0,是,否,是,否,9.0,25.25,0.0,9.0,0.0,否,否,否,否,是,是,是,是,否,附加服务,否
488,72.0,55.0,已婚,,40.0,未完成中学学历,11.0,是,男,5.0,否,否,是,否,34.25,0.0,0.0,35.75,0.0,是,否,否,否,否,否,否,否,否,电子服务,否
489,18.0,29.0,未婚,4.0,40.0,中学学历,1.0,是,男,1.0,否,是,否,否,9.5,0.0,27.35,0.0,0.0,否,否,否,是,是,是,是,否,否,附加服务,否
490,25.0,29.0,未婚,,55.0,大学学位,1.0,是,男,1.0,是,否,否,否,5.25,24.75,0.0,0.0,0.0,否,否,否,否,是,否,否,否,是,基础服务,是
491,42.0,62.0,未婚,26.0,,未完成中学学历,35.0,否,女,1.0,否,否,是,否,8.75,0.0,0.0,27.0,0.0,否,否,否,否,否,否,否,否,是,基础服务,否
492,4.0,37.0,未婚,2.0,41.0,中学学历,8.0,是,男,1.0,是,是,是,否,2.8,13.5,29.9,16.5,0.0,否,否,是,是,否,是,否,否,否,基础服务,否
493,12.0,50.0,已婚,16.0,,大学学位,25.0,是,男,2.0,是,否,是,是,4.95,22.0,0.0,11.25,28.3,否,否,是,否,否,是,否,否,是,基础服务,是
494,53.0,64.0,已婚,17.0,380.0,中学学历,36.0,是,女,2.0,是,否,是,否,12.85,40.25,0.0,15.0,0.0,否,否,否,否,是,是,是,是,否,附加服务,否
495,13.0,38.0,已婚,8.0,104.0,大学学位,6.0,是,男,7.0,是,否,是,是,10.25,21.5,0.0,25.75,58.85,否,是,是,是,是,是,是,是,是,总服务,是
496,18.0,31.0,,12.0,24.0,社区学院,4.0,是,男,4.0,否,否,否,否,12.15,0.0,0.0,0.0,0.0,是,否,否,否,否,否,否,否,是,电子服务,否
497,67.0,42.0,已婚,20.0,81.0,社区学院,20.0,是,女,5.0,是,否,是,是,24.4,41.25,0.0,9.5,36.7,是,是,是,否,是,是,是,是,否,总服务,否
498,6.0,24.0,未婚,2.0,17.0,未完成中学学历,1.0,是,男,1.0,是,否,是,否,3.25,21.0,0.0,15.25,0.0,否,否,否,否,是,是,否,是,否,附加服务,否
499,25.0,46.0,未婚,13.0,45.0,未完成中学学历,12.0,是,女,1.0,是,否,否,否,5.4,16.0,0.0,0.0,0.0,否,是,否,否,否,是,是,否,否,附加服务,否
500,15.0,39.0,未婚,19.0,32.0,中学学历,2.0,是,男,1.0,否,是,否,否,3.45,0.0,31.85,0.0,0.0,是,是,否,否,否,否,否,否,是,电子服务,是
501,32.0,35.0,未婚,,57.0,大学学位,5.0,是,男,1.0,是,是,否,否,8.6,11.0,30.05,0.0,0.0,是,否,否,否,否,否,否,否,否,电子服务,否
502,22.0,39.0,未婚,0.0,63.0,大学学位,9.0,是,男,1.0,否,是,否,否,6.2,0.0,21.35,0.0,0.0,是,否,否,是,否,否,否,否,是,电子服务,是
503,8.0,22.0,,3.0,25.0,大学学位,0.0,是,男,1.0,是,否,是,是,8.0,32.25,0.0,18.25,19.45,否,是,否,否,是,是,是,是,否,附加服务,否
504,3.0,31.0,已婚,4.0,22.0,未完成中学学历,1.0,是,男,2.0,否,是,否,否,3.4,0.0,22.7,0.0,0.0,否,否,否,是,否,是,否,否,是,基础服务,是
505,,54.0,未婚,6.0,155.0,中学学历,20.0,是,男,1.0,否,否,否,否,16.35,0.0,0.0,0.0,0.0,否,否,否,否,否,否,否,否,否,基础服务,否
506,49.0,54.0,未婚,24.0,30.0,中学学历,5.0,是,男,1.0,否,否,是,否,15.5,0.0,0.0,14.25,0.0,是,否,否,否,否,否,是,否,否,电子服务,否
507,2.0,28.0,未婚,7.0,46.0,社区学院,0.0,是,女,1.0,否,否,否,是,3.45,0.0,0.0,0.0,15.1,是,否,是,否,是,是,否,是,是,总服务,否
508,39.0,47.0,未婚,1.0,68.0,大学学位,10.0,是,女,2.0,否,否,否,否,8.3,0.0,0.0,0.0,0.0,是,否,否,是,否,否,否,否,是,电子服务,是
509,42.0,33.0,未婚,2.0,67.0,中学学历,,,男,2.0,否,否,是,否,6.7,0.0,0.0,25.25,0.0,是,否,否,否,否,否,否,是,否,电子服务,否
510,28.0,36.0,,,69.0,社区学院,2.0,是,男,1.0,是,是,是,是,6.05,25.25,41.55,31.75,36.6,是,是,是,否,是,是,是,是,是,总服务,否
511,41.0,46.0,已婚,14.0,47.0,中学学历,,是,男,5.0,是,是,是,是,6.3,41.25,55.8,20.0,50.95,是,是,是,否,是,是,是,是,否,总服务,否
512,67.0,50.0,已婚,31.0,,中学学历,12.0,是,男,2.0,否,是,是,否,29.45,0.0,22.65,19.0,0.0,是,否,否,否,否,否,否,否,是,电子服务,否
513,38.0,40.0,未婚,15.0,34.0,中学学历,11.0,是,女,1.0,否,是,是,否,4.25,0.0,19.8,7.0,0.0,是,否,否,是,否,否,否,否,否,电子服务,否
514,18.0,38.0,未婚,8.0,45.0,中学学历,2.0,是,女,4.0,是,是,是,是,2.7,31.5,36.25,15.0,23.4,否,是,否,是,是,是,是,是,是,总服务,是
515,6.0,42.0,已婚,17.0,29.0,中学学历,2.0,是,女,2.0,是,否,是,是,4.3,25.75,0.0,29.0,31.9,否,是,是,否,是,是,是,是,否,总服务,否
516,4.0,36.0,未婚,0.0,21.0,中学学历,1.0,是,女,3.0,否,否,否,否,3.3,0.0,0.0,0.0,0.0,否,否,否,否,否,否,否,是,否,基础服务,否
517,13.0,23.0,已婚,3.0,30.0,社区学院,0.0,是,女,4.0,是,是,否,否,5.15,24.25,28.85,0.0,0.0,是,是,是,是,是,否,是,是,否,总服务,否
518,20.0,35.0,未婚,0.0,,大学学位,7.0,是,男,1.0,否,是,否,是,5.5,0.0,46.1,0.0,35.25,是,是,是,是,否,是,是,否,是,总服务,是
519,34.0,49.0,已婚,27.0,61.0,社区学院,15.0,是,女,2.0,是,否,否,否,12.65,34.25,0.0,0.0,0.0,否,否,否,否,是,是,是,是,否,附加服务,否
520,46.0,29.0,已婚,4.0,90.0,研究生学位,3.0,是,男,4.0,是,否,是,是,16.85,40.5,0.0,34.5,39.8,否,是,是,是,是,是,是,是,否,总服务,否
521,48.0,41.0,未婚,21.0,43.0,中学学历,7.0,是,男,1.0,否,否,是,否,19.5,0.0,0.0,11.75,0.0,是,否,否,否,否,否,否,否,否,电子服务,否
522,69.0,61.0,已婚,12.0,,中学学历,37.0,是,男,2.0,是,是,是,是,26.05,36.75,41.85,16.25,38.45,是,是,否,否,是,是,是,是,否,附加服务,否
523,32.0,34.0,已婚,7.0,32.0,中学学历,15.0,是,男,4.0,否,否,否,否,9.25,0.0,0.0,0.0,0.0,否,否,否,否,否,否,否,是,否,基础服务,否
524,29.0,29.0,未婚,9.0,41.0,中学学历,,,男,2.0,是,是,否,否,4.75,23.0,37.45,0.0,0.0,是,否,否,否,否,否,是,是,是,电子服务,否
525,55.0,52.0,未婚,22.0,,未完成中学学历,28.0,是,女,3.0,否,否,是,否,7.05,0.0,0.0,20.25,0.0,是,是,否,否,否,否,否,否,是,电子服务,否
526,72.0,60.0,已婚,36.0,,未完成中学学历,43.0,是,女,2.0,否,否,是,否,21.7,0.0,0.0,52.25,0.0,是,否,否,否,是,是,是,是,否,附加服务,否
527,29.0,26.0,,1.0,,社区学院,2.0,是,女,1.0,否,否,是,否,3.4,0.0,0.0,15.75,0.0,否,是,否,否,否,否,否,是,否,基础服务,是
528,50.0,25.0,已婚,1.0,36.0,大学学位,2.0,是,女,5.0,否,是,是,是,13.05,0.0,40.6,10.25,40.85,是,是,是,否,是,是,是,是,是,总服务,否
529,35.0,50.0,已婚,11.0,,社区学院,21.0,是,男,2.0,否,是,否,否,12.25,0.0,23.9,0.0,0.0,否,否,否,否,否,否,否,否,是,基础服务,是
530,11.0,63.0,未婚,9.0,41.0,,3.0,是,男,1.0,否,是,否,否,4.15,0.0,29.9,0.0,0.0,否,否,否,是,否,否,否,否,是,基础服务,是
531,9.0,29.0,未婚,9.0,,社区学院,5.0,是,女,1.0,否,否,否,否,4.2,0.0,0.0,0.0,0.0,否,否,否,否,否,否,否,否,是,基础服务,否
532,51.0,48.0,未婚,27.0,58.0,未完成中学学历,18.0,是,男,1.0,是,否,是,否,19.2,25.75,0.0,9.25,0.0,否,否,否,否,是,否,是,是,否,附加服务,是
533,33.0,34.0,已婚,,28.0,未完成中学学历,3.0,是,女,3.0,否,否,否,否,13.4,0.0,0.0,0.0,0.0,是,否,否,是,是,否,否,否,否,电子服务,否
534,25.0,20.0,未婚,0.0,,中学学历,,是,男,2.0,是,否,是,否,10.7,23.0,0.0,18.75,0.0,否,否,否,否,是,是,是,是,否,附加服务,否
535,31.0,34.0,,9.0,105.0,大学学位,7.0,是,女,4.0,否,否,是,否,6.45,0.0,0.0,5.75,0.0,否,否,否,否,否,是,否,是,否,附加服务,否
536,67.0,40.0,已婚,10.0,80.0,大学学位,8.0,是,女,,是,是,是,是,33.05,21.75,53.55,18.75,48.05,是,是,是,是,是,是,是,是,是,总服务,否
537,55.0,,未婚,,36.0,,9.0,是,男,3.0,是,否,是,否,25.65,41.75,0.0,11.75,0.0,是,是,否,否,是,是,是,是,否,附加服务,否
538,19.0,50.0,未婚,7.0,112.0,大学学位,3.0,是,女,1.0,否,是,是,是,7.15,0.0,44.8,14.25,46.55,是,是,是,否,是,是,否,是,是,总服务,否
539,39.0,34.0,已婚,11.0,55.0,,10.0,是,女,4.0,是,是,是,是,18.45,33.75,56.95,35.5,47.85,否,是,是,是,是,是,是,是,否,总服务,否
540,52.0,35.0,已婚,8.0,40.0,大学学位,1.0,是,男,2.0,是,是,是,是,10.75,33.5,35.3,11.0,44.6,是,是,否,否,是,是,是,是,否,附加服务,否
541,55.0,37.0,已婚,15.0,23.0,中学学历,0.0,是,女,5.0,是,否,是,否,12.95,32.5,0.0,26.25,0.0,是,否,否,否,是,是,是,是,否,附加服务,否
542,25.0,62.0,未婚,27.0,,,33.0,否,女,1.0,是,是,是,是,8.3,14.75,52.0,18.0,47.0,是,是,是,否,是,是,是,是,是,总服务,是
543,33.0,58.0,未婚,12.0,21.0,中学学历,,,,1.0,否,否,是,否,8.8,0.0,0.0,20.75,0.0,否,否,否,否,否,否,否,否,否,基础服务,否
544,48.0,35.0,未婚,5.0,63.0,大学学位,12.0,是,男,2.0,否,否,是,否,13.4,0.0,0.0,27.5,0.0,是,否,是,否,是,是,是,是,否,附加服务,是
545,48.0,31.0,已婚,12.0,52.0,大学学位,3.0,是,男,3.0,是,是,是,是,8.15,26.5,50.95,31.75,55.55,是,是,是,是,是,是,是,是,是,总服务,否
546,49.0,,未婚,3.0,189.0,未完成中学学历,31.0,是,女,,否,否,是,否,11.0,0.0,0.0,8.75,0.0,否,否,否,否,否,否,否,否,否,基础服务,否
547,54.0,32.0,已婚,0.0,50.0,未完成中学学历,15.0,是,男,3.0,是,是,是,否,18.15,46.25,49.2,21.25,0.0,否,否,否,否,是,是,是,是,否,附加服务,是
548,45.0,32.0,已婚,9.0,23.0,,15.0,是,男,4.0,否,否,否,否,9.85,0.0,0.0,0.0,0.0,否,否,否,否,否,否,否,否,否,基础服务,否
549,4.0,37.0,已婚,1.0,33.0,中学学历,15.0,是,女,5.0,否,是,否,否,2.45,0.0,21.9,0.0,0.0,否,否,否,是,否,否,否,否,是,基础服务,是
550,49.0,27.0,已婚,3.0,29.0,社区学院,6.0,是,女,3.0,否,是,否,否,10.4,0.0,44.0,0.0,0.0,是,是,否,是,否,否,否,否,是,电子服务,是
551,23.0,35.0,未婚,2.0,96.0,社区学院,4.0,是,男,1.0,否,是,是,是,6.4,0.0,37.6,22.75,46.2,是,是,是,是,是,是,是,是,是,总服务,是
552,31.0,44.0,,23.0,80.0,研究生学位,15.0,是,男,,是,是,否,否,14.05,9.25,30.35,0.0,0.0,是,否,否,是,否,否,否,否,是,电子服务,是
553,55.0,44.0,已婚,2.0,,中学学历,,,男,5.0,是,否,是,否,6.6,43.5,0.0,29.5,0.0,否,否,否,否,是,是,是,是,否,附加服务,否
554,9.0,,未婚,7.0,30.0,未完成中学学历,4.0,是,女,6.0,否,否,否,否,4.2,0.0,0.0,0.0,0.0,否,否,否,否,否,否,否,否,否,基础服务,否
555,55.0,57.0,已婚,25.0,,中学学历,12.0,是,男,3.0,否,否,是,否,14.6,0.0,0.0,29.5,0.0,否,否,否,否,否,否,否,否,否,基础服务,否
556,34.0,30.0,未婚,3.0,35.0,中学学历,2.0,是,女,3.0,是,否,是,否,9.05,21.5,0.0,8.0,0.0,否,是,否,否,是,是,是,是,是,附加服务,否
557,10.0,23.0,未婚,4.0,36.0,中学学历,1.0,是,男,3.0,是,否,是,否,8.55,14.75,0.0,22.0,0.0,否,否,否,否,是,是,是,是,否,附加服务,否
558,62.0,76.0,未婚,20.0,35.0,社区学院,,,女,1.0,否,否,是,否,17.25,0.0,0.0,17.75,0.0,是,否,否,否,是,否,否,否,是,电子服务,否
559,51.0,36.0,未婚,13.0,62.0,社区学院,,,男,2.0,是,否,是,是,5.65,36.25,0.0,19.75,40.4,是,是,是,是,是,是,是,是,否,总服务,否
560,65.0,48.0,未婚,28.0,94.0,未完成中学学历,25.0,是,男,1.0,否,否,是,否,10.4,0.0,0.0,22.5,0.0,是,否,否,否,否,否,否,否,否,电子服务,否
561,53.0,33.0,未婚,,60.0,未完成中学学历,6.0,是,男,,是,否,是,是,17.65,28.5,0.0,41.0,28.55,否,是,是,否,是,是,是,是,否,总服务,否
562,23.0,35.0,未婚,4.0,118.0,中学学历,11.0,是,男,1.0,否,是,否,否,7.9,0.0,30.15,0.0,0.0,否,是,否,是,否,否,否,否,是,基础服务,是
563,1.0,30.0,未婚,3.0,135.0,大学学位,3.0,是,,,是,是,是,否,1.1,5.75,22.8,2.75,0.0,否,否,否,是,是,否,否,否,是,基础服务,是
564,66.0,55.0,未婚,20.0,,中学学历,24.0,是,女,1.0,是,否,是,否,14.0,30.75,0.0,14.75,0.0,是,否,否,否,是,是,是,是,否,附加服务,否
565,,27.0,已婚,0.0,21.0,社区学院,,,女,2.0,否,是,否,否,3.65,0.0,36.45,0.0,0.0,是,否,否,是,否,否,否,否,是,电子服务,否
566,18.0,28.0,已婚,3.0,22.0,未完成中学学历,2.0,是,女,5.0,否,否,是,否,3.15,173.0,0.0,9.5,0.0,否,否,否,否,否,否,否,否,否,基础服务,否
567,36.0,32.0,,3.0,63.0,大学学位,7.0,是,男,4.0,否,是,是,否,6.2,0.0,29.55,12.75,0.0,是,否,否,是,否,否,否,是,否,电子服务,否
568,13.0,40.0,未婚,16.0,142.0,中学学历,18.0,是,女,1.0,否,否,否,否,8.45,0.0,0.0,0.0,0.0,否,否,否,否,否,否,否,否,否,基础服务,是
569,4.0,44.0,未婚,,32.0,社区学院,0.0,是,,1.0,是,是,是,否,2.1,13.75,25.95,8.75,0.0,否,是,否,是,是,否,是,是,否,附加服务,是
570,20.0,32.0,未婚,,19.0,社区学院,5.0,是,,1.0,否,是,否,否,6.85,0.0,36.05,0.0,0.0,是,否,否,是,否,否,否,否,是,电子服务,否
571,66.0,39.0,已婚,,60.0,大学学位,10.0,是,男,3.0,是,是,是,是,20.15,39.25,46.3,17.25,36.4,是,是,是,是,是,是,是,是,是,总服务,否
572,67.0,47.0,已婚,7.0,97.0,未完成中学学历,23.0,是,男,4.0,否,否,是,否,22.4,0.0,0.0,18.5,0.0,否,否,否,否,是,是,是,是,否,附加服务,否
573,11.0,24.0,已婚,0.0,31.0,中学学历,,,女,4.0,是,是,是,是,5.4,16.0,39.2,13.75,33.55,否,是,是,是,是,是,是,否,是,总服务,是
574,6.0,26.0,,7.0,30.0,社区学院,1.0,是,女,2.0,否,是,否,否,6.35,0.0,19.75,0.0,0.0,否,否,否,是,否,否,否,否,否,基础服务,是
575,13.0,23.0,已婚,4.0,31.0,未完成中学学历,5.0,是,女,4.0,否,是,否,是,4.6,0.0,35.45,0.0,27.7,否,是,是,是,否,否,否,否,是,基础服务,否
576,2.0,29.0,已婚,3.0,44.0,中学学历,9.0,是,女,6.0,是,是,是,是,2.1,16.25,43.2,12.25,33.6,是,是,是,是,是,是,是,是,是,总服务,是
577,4.0,40.0,未婚,12.0,38.0,中学学历,5.0,是,男,1.0,否,否,是,否,8.15,0.0,0.0,12.0,0.0,否,否,否,否,否,否,否,否,否,基础服务,否
578,34.0,63.0,已婚,,,中学学历,0.0,是,女,2.0,是,是,是,是,14.3,19.5,39.6,15.25,28.95,是,是,是,是,是,是,是,是,是,总服务,否
579,13.0,34.0,,6.0,37.0,,6.0,是,男,4.0,否,否,否,否,6.85,0.0,0.0,0.0,0.0,否,否,否,否,否,是,否,是,否,附加服务,否
580,37.0,40.0,已婚,,26.0,中学学历,0.0,是,男,5.0,否,否,是,否,18.9,0.0,0.0,12.0,0.0,是,否,否,否,否,否,否,否,是,电子服务,否
581,45.0,30.0,已婚,,38.0,中学学历,5.0,是,男,6.0,否,否,是,否,12.75,0.0,0.0,23.75,0.0,是,否,否,否,否,是,是,是,否,附加服务,否
582,71.0,70.0,未婚,,153.0,社区学院,34.0,否,女,,是,否,是,是,30.55,46.25,0.0,26.25,46.7,是,否,否,否,是,是,是,是,否,附加服务,否
583,35.0,40.0,未婚,5.0,49.0,未完成中学学历,20.0,是,女,1.0,否,否,否,否,3.4,0.0,0.0,0.0,0.0,否,否,否,否,否,否,否,否,否,基础服务,否
584,,41.0,未婚,21.0,51.0,社区学院,7.0,是,男,1.0,否,是,是,否,4.95,0.0,31.55,10.75,0.0,否,否,否,是,否,否,否,否,是,基础服务,否
585,44.0,45.0,已婚,19.0,88.0,未完成中学学历,21.0,是,男,2.0,是,否,是,否,11.9,25.25,0.0,8.25,0.0,是,否,否,否,是,是,是,是,否,附加服务,否
586,,41.0,已婚,20.0,19.0,未完成中学学历,0.0,是,女,6.0,否,否,否,否,5.45,0.0,0.0,0.0,0.0,否,否,否,否,否,否,否,否,否,基础服务,否
587,42.0,46.0,已婚,9.0,31.0,未完成中学学历,,,女,3.0,否,否,是,否,5.9,0.0,0.0,23.0,0.0,否,否,否,否,否,否,否,是,否,基础服务,否
588,41.0,47.0,已婚,,90.0,中学学历,19.0,是,男,3.0,否,是,是,否,6.7,0.0,20.2,31.25,0.0,否,否,否,是,否,否,否,否,否,基础服务,是
589,31.0,24.0,已婚,3.0,14.0,未完成中学学历,0.0,是,男,4.0,否,否,否,否,7.2,0.0,0.0,0.0,0.0,否,否,否,否,否,否,否,否,否,基础服务,否
590,62.0,63.0,未婚,,,中学学历,30.0,是,男,1.0,否,否,是,否,14.6,0.0,0.0,14.25,0.0,否,是,否,是,是,是,否,是,否,附加服务,是
591,12.0,23.0,已婚,2.0,24.0,大学学位,,是,女,8.0,是,否,是,是,3.2,41.0,0.0,15.75,35.4,否,是,是,是,是,是,是,是,否,总服务,否
592,45.0,49.0,已婚,27.0,81.0,中学学历,7.0,是,女,4.0,是,否,是,否,13.85,50.5,0.0,21.0,0.0,否,否,否,否,是,是,是,是,否,附加服务,否
593,47.0,34.0,已婚,4.0,63.0,中学学历,13.0,是,女,4.0,否,否,是,否,18.95,0.0,0.0,30.5,0.0,否,否,否,否,否,否,否,否,否,基础服务,否
594,23.0,22.0,已婚,,,未完成中学学历,4.0,是,男,5.0,是,否,是,否,7.9,23.0,0.0,15.75,0.0,是,否,否,否,是,是,是,否,否,附加服务,否
595,39.0,34.0,未婚,4.0,20.0,研究生学位,3.0,是,女,1.0,是,是,是,是,9.55,21.25,59.2,10.0,79.2,是,是,是,是,是,是,是,是,是,总服务,否
596,19.0,26.0,未婚,2.0,48.0,社区学院,0.0,是,男,2.0,否,否,是,否,7.55,0.0,0.0,6.5,0.0,否,是,否,否,是,是,是,否,否,附加服务,否
597,13.0,54.0,未婚,,121.0,大学学位,23.0,是,男,1.0,否,否,否,否,7.3,0.0,0.0,0.0,0.0,否,否,否,否,是,否,是,是,否,附加服务,否
598,5.0,33.0,,,39.0,社区学院,,是,男,,是,是,否,否,2.1,19.5,27.45,0.0,0.0,是,否,是,否,是,是,是,是,是,总服务,是
599,11.0,19.0,未婚,,,中学学历,0.0,是,男,1.0,否,否,否,否,3.6,0.0,0.0,0.0,0.0,否,否,否,否,否,否,否,否,是,基础服务,是
600,4.0,32.0,未婚,2.0,53.0,大学学位,5.0,是,,1.0,是,是,否,否,7.0,11.0,26.25,0.0,0.0,否,否,是,否,否,否,否,否,是,基础服务,是
601,17.0,42.0,未婚,8.0,58.0,未完成中学学历,23.0,是,男,1.0,否,是,否,否,5.05,0.0,28.65,0.0,0.0,是,是,否,是,否,是,否,否,否,电子服务,是
602,7.0,27.0,,3.0,39.0,社区学院,2.0,是,男,1.0,否,否,否,否,3.55,0.0,0.0,0.0,0.0,否,否,否,否,否,否,是,否,否,基础服务,是
603,19.0,65.0,未婚,3.0,108.0,未完成中学学历,33.0,是,男,3.0,是,否,是,否,5.95,21.5,0.0,11.25,0.0,否,否,否,否,是,是,是,是,否,附加服务,否
604,32.0,34.0,已婚,0.0,38.0,未完成中学学历,10.0,是,男,4.0,否,否,是,否,7.35,0.0,0.0,19.25,0.0,是,否,否,否,否,否,否,否,是,电子服务,否
605,53.0,51.0,未婚,31.0,245.0,大学学位,0.0,是,男,1.0,是,否,是,否,18.45,28.25,0.0,11.0,0.0,是,否,否,否,否,否,否,是,否,电子服务,否
606,51.0,38.0,未婚,19.0,51.0,未完成中学学历,18.0,是,女,1.0,是,否,是,否,11.7,26.0,0.0,23.25,0.0,否,是,否,否,是,是,是,是,否,附加服务,否
607,35.0,34.0,未婚,7.0,78.0,大学学位,10.0,是,女,1.0,否,否,是,否,13.9,0.0,0.0,4.5,0.0,否,否,否,否,否,否,否,否,否,基础服务,否
608,3.0,31.0,已婚,4.0,23.0,大学学位,4.0,是,男,5.0,是,是,是,是,2.8,16.5,36.0,37.75,21.7,否,是,是,否,是,是,是,是,是,总服务,是
609,22.0,48.0,未婚,7.0,88.0,大学学位,,,男,1.0,否,是,否,否,4.5,0.0,31.85,0.0,0.0,否,否,否,是,否,否,否,否,否,基础服务,是
610,17.0,21.0,已婚,0.0,25.0,中学学历,1.0,是,女,3.0,否,否,否,否,6.1,0.0,0.0,0.0,0.0,是,否,否,否,是,否,是,是,是,附加服务,否
611,68.0,39.0,未婚,20.0,73.0,中学学历,,是,女,1.0,是,否,是,否,44.95,15.75,0.0,20.0,0.0,是,否,否,否,否,否,否,否,否,电子服务,否
612,,41.0,,7.0,62.0,大学学位,,是,女,2.0,是,否,是,否,13.7,16.25,0.0,6.75,0.0,否,否,否,否,是,否,否,是,否,附加服务,否
613,68.0,52.0,已婚,8.0,456.0,社区学院,30.0,是,女,4.0,是,否,是,是,22.25,27.5,0.0,26.75,29.75,是,否,否,否,是,是,是,是,否,附加服务,否
614,56.0,42.0,已婚,10.0,24.0,中学学历,5.0,是,男,2.0,否,否,否,否,33.65,0.0,0.0,0.0,0.0,否,否,否,否,是,是,是,是,否,附加服务,否
615,11.0,32.0,未婚,8.0,23.0,中学学历,0.0,是,女,1.0,否,是,是,否,6.2,0.0,28.4,7.25,0.0,否,否,否,是,否,否,否,否,是,基础服务,否
616,5.0,47.0,未婚,7.0,46.0,未完成中学学历,6.0,是,,1.0,否,否,是,否,2.95,0.0,0.0,7.25,0.0,否,否,否,否,是,否,是,否,否,基础服务,是
617,16.0,50.0,未婚,5.0,263.0,中学学历,29.0,是,女,3.0,是,是,否,是,3.75,17.0,31.95,0.0,21.9,否,否,否,否,是,是,是,是,是,附加服务,否
618,59.0,30.0,未婚,2.0,,大学学位,2.0,是,女,1.0,否,是,是,否,16.7,0.0,32.25,11.75,0.0,是,是,否,否,否,否,否,否,否,电子服务,否
619,60.0,64.0,未婚,14.0,33.0,中学学历,13.0,否,男,1.0,是,否,是,是,30.75,22.25,0.0,12.25,47.4,是,是,是,否,是,是,是,是,是,总服务,否
620,55.0,47.0,未婚,11.0,37.0,未完成中学学历,11.0,是,男,1.0,是,否,是,否,14.75,20.25,0.0,10.75,0.0,否,否,否,否,是,否,否,是,否,附加服务,否
621,18.0,56.0,未婚,22.0,296.0,中学学历,25.0,是,男,1.0,否,否,是,否,3.4,0.0,0.0,8.25,0.0,否,否,否,否,是,否,否,否,否,基础服务,否
622,16.0,22.0,未婚,,26.0,社区学院,0.0,是,女,3.0,否,是,否,否,4.1,0.0,29.35,0.0,0.0,是,否,否,否,否,否,否,否,是,电子服务,是
623,35.0,57.0,已婚,,47.0,大学学位,12.0,是,男,2.0,否,是,是,否,7.25,0.0,33.7,18.75,0.0,是,否,否,是,否,否,否,否,否,电子服务,否
624,31.0,,已婚,1.0,31.0,社区学院,1.0,是,女,2.0,是,是,是,是,16.6,19.0,58.7,16.5,51.35,否,是,是,是,是,是,是,是,是,总服务,是
625,20.0,49.0,已婚,5.0,264.0,中学学历,29.0,是,女,2.0,否,否,否,否,9.6,0.0,0.0,0.0,0.0,否,否,否,否,否,是,否,否,否,基础服务,否
626,16.0,27.0,未婚,5.0,41.0,大学学位,2.0,是,女,1.0,是,是,是,是,6.9,15.75,42.75,17.25,30.95,否,是,是,是,是,是,是,是,是,总服务,是
627,69.0,48.0,已婚,27.0,55.0,中学学历,,,男,2.0,是,是,是,否,19.6,35.75,34.25,62.0,0.0,是,否,否,否,否,是,是,否,否,附加服务,否
628,69.0,66.0,已婚,,,中学学历,15.0,是,,2.0,是,否,是,否,23.1,29.25,0.0,25.5,0.0,否,否,否,否,否,否,否,否,否,基础服务,否
629,27.0,24.0,已婚,,26.0,未完成中学学历,7.0,是,女,4.0,否,否,否,否,6.05,0.0,0.0,0.0,0.0,否,否,是,否,否,否,否,否,否,基础服务,是
630,48.0,39.0,未婚,,110.0,大学学位,9.0,是,男,1.0,是,否,是,是,18.05,30.25,0.0,8.75,30.4,是,否,是,否,是,是,是,是,否,附加服务,否
631,18.0,52.0,已婚,20.0,66.0,未完成中学学历,19.0,是,女,2.0,是,否,是,否,12.8,27.75,0.0,10.5,0.0,否,否,否,是,否,否,是,否,否,基础服务,否
632,24.0,40.0,已婚,4.0,39.0,社区学院,5.0,是,女,2.0,是,否,是,是,4.05,25.75,0.0,27.5,22.5,否,否,是,否,是,是,是,是,否,附加服务,否
633,17.0,42.0,未婚,6.0,31.0,中学学历,2.0,是,男,1.0,是,否,否,是,8.25,24.5,0.0,0.0,26.4,是,是,否,否,是,是,否,是,是,总服务,是
634,9.0,24.0,已婚,3.0,26.0,大学学位,1.0,是,女,3.0,否,是,否,否,7.65,0.0,23.25,0.0,0.0,否,否,否,否,否,否,是,否,否,基础服务,否
635,15.0,46.0,未婚,5.0,232.0,大学学位,15.0,是,女,2.0,是,是,是,是,4.3,23.0,45.15,22.75,31.3,否,是,是,是,是,是,是,是,是,总服务,是
636,62.0,37.0,,10.0,43.0,大学学位,1.0,是,女,3.0,否,是,是,否,9.2,0.0,37.2,18.75,0.0,是,否,否,否,是,否,否,否,否,电子服务,否
637,9.0,41.0,未婚,12.0,39.0,大学学位,3.0,是,男,1.0,否,是,否,是,4.7,0.0,39.65,0.0,20.8,否,是,是,是,否,否,否,否,是,基础服务,是
638,71.0,41.0,已婚,,73.0,,23.0,是,女,2.0,否,否,是,否,32.65,0.0,0.0,41.75,0.0,是,否,否,否,是,是,是,否,否,附加服务,否
639,62.0,59.0,已婚,37.0,,未完成中学学历,,,男,2.0,是,否,是,否,16.1,36.0,0.0,11.0,0.0,否,否,否,否,是,是,是,是,否,附加服务,否
640,,38.0,未婚,19.0,237.0,大学学位,13.0,是,男,1.0,是,是,是,是,6.0,21.25,34.4,9.75,26.9,否,否,是,是,是,是,是,否,否,总服务,否
641,19.0,33.0,已婚,11.0,22.0,未完成中学学历,3.0,是,男,5.0,否,否,是,否,3.95,0.0,0.0,36.25,0.0,是,否,否,否,是,是,否,是,否,附加服务,否
642,49.0,,,28.0,21.0,未完成中学学历,8.0,是,男,2.0,是,否,是,否,15.85,24.75,0.0,8.75,0.0,否,否,否,否,是,是,是,是,否,附加服务,否
643,3.0,64.0,未婚,3.0,9.0,中学学历,6.0,否,男,1.0,否,否,否,否,4.95,0.0,0.0,0.0,0.0,否,否,否,否,否,否,否,否,否,基础服务,是
644,33.0,36.0,未婚,,,研究生学位,10.0,是,男,1.0,否,是,否,是,4.15,0.0,39.1,0.0,27.05,否,是,否,是,否,否,否,否,是,基础服务,是
645,38.0,44.0,未婚,1.0,50.0,大学学位,7.0,是,女,1.0,否,是,是,否,7.15,0.0,24.6,10.0,0.0,是,否,否,是,否,否,否,否,是,电子服务,是
646,42.0,48.0,已婚,14.0,27.0,社区学院,5.0,是,女,3.0,是,是,是,是,16.5,36.0,54.2,22.75,28.4,是,是,否,否,是,是,是,是,是,总服务,否
647,11.0,26.0,未婚,2.0,53.0,社区学院,3.0,是,男,1.0,是,是,是,是,4.15,21.5,43.7,11.75,38.8,是,是,是,是,否,是,是,否,是,总服务,是
648,27.0,28.0,已婚,0.0,58.0,社区学院,0.0,是,,2.0,是,否,否,否,5.8,22.5,0.0,0.0,0.0,否,否,否,否,是,是,否,是,否,附加服务,否
649,23.0,50.0,未婚,1.0,151.0,大学学位,8.0,是,女,1.0,是,否,否,否,8.25,21.75,0.0,0.0,0.0,否,否,否,否,是,否,否,否,否,基础服务,否
650,4.0,38.0,已婚,,54.0,中学学历,4.0,是,男,2.0,是,否,是,是,4.75,26.25,0.0,48.5,24.45,否,是,否,否,是,是,是,是,否,附加服务,否
651,36.0,42.0,未婚,5.0,31.0,未完成中学学历,,,女,1.0,否,否,否,否,10.05,0.0,0.0,0.0,0.0,否,否,否,否,否,否,否,否,否,基础服务,是
652,37.0,42.0,未婚,10.0,115.0,未完成中学学历,22.0,是,女,1.0,否,否,是,否,15.1,0.0,0.0,18.5,0.0,否,否,否,否,是,是,是,是,否,附加服务,否
653,24.0,58.0,已婚,30.0,,未完成中学学历,5.0,是,,2.0,是,否,否,否,7.65,16.0,0.0,0.0,0.0,否,否,否,否,否,否,否,否,否,基础服务,否
654,4.0,24.0,未婚,1.0,17.0,中学学历,2.0,是,男,3.0,否,否,否,否,3.2,0.0,0.0,0.0,0.0,否,否,否,否,否,否,否,否,否,基础服务,是
655,54.0,33.0,未婚,,47.0,中学学历,13.0,是,女,2.0,是,否,是,否,13.9,32.0,0.0,20.25,0.0,否,否,否,否,是,是,否,是,否,附加服务,否
656,7.0,49.0,未婚,8.0,36.0,未完成中学学历,,,女,1.0,是,否,是,否,8.85,19.5,0.0,53.25,0.0,否,否,否,否,是,是,是,是,否,附加服务,是
657,10.0,28.0,未婚,,75.0,大学学位,1.0,是,男,1.0,是,是,是,是,6.2,27.5,42.4,40.0,36.3,否,是,是,是,是,是,是,是,是,总服务,是
658,24.0,35.0,已婚,10.0,,研究生学位,6.0,是,女,2.0,否,是,否,否,3.3,0.0,30.3,0.0,0.0,是,否,否,是,否,否,否,否,是,电子服务,否
659,12.0,31.0,未婚,,18.0,大学学位,4.0,是,男,1.0,否,是,否,否,3.7,0.0,24.3,0.0,0.0,否,否,否,是,否,否,否,否,是,基础服务,是
660,45.0,54.0,未婚,25.0,171.0,社区学院,33.0,是,女,1.0,是,否,是,否,9.05,18.5,0.0,8.75,0.0,否,否,否,否,是,是,是,是,否,附加服务,否
661,59.0,55.0,已婚,29.0,42.0,,21.0,是,女,2.0,否,否,是,否,8.95,0.0,0.0,15.25,0.0,是,否,否,否,否,否,否,否,否,电子服务,否
662,3.0,21.0,已婚,1.0,36.0,社区学院,0.0,是,女,4.0,否,否,否,否,3.2,0.0,0.0,0.0,0.0,否,否,否,否,否,否,否,否,否,基础服务,否
663,8.0,35.0,未婚,6.0,31.0,研究生学位,7.0,是,男,1.0,是,是,否,是,4.4,17.25,35.65,0.0,42.05,是,是,是,是,是,是,是,是,是,总服务,是
664,16.0,59.0,未婚,5.0,207.0,中学学历,37.0,是,女,2.0,是,否,是,否,7.45,15.5,0.0,11.75,0.0,否,否,是,否,否,是,是,是,是,总服务,否
665,32.0,33.0,未婚,1.0,38.0,未完成中学学历,12.0,是,,1.0,否,否,是,否,7.3,0.0,0.0,33.75,0.0,否,否,否,否,否,否,否,否,否,基础服务,否
666,8.0,49.0,未婚,14.0,134.0,大学学位,9.0,是,女,1.0,是,是,是,是,3.0,30.5,59.3,23.5,60.3,是,是,是,是,是,是,是,是,是,总服务,是
667,9.0,28.0,,8.0,28.0,社区学院,4.0,是,男,3.0,否,是,否,否,4.5,0.0,28.5,0.0,0.0,是,否,否,是,否,否,否,是,是,电子服务,是
668,12.0,19.0,已婚,0.0,15.0,中学学历,0.0,是,女,4.0,否,是,否,否,5.85,0.0,22.15,0.0,0.0,是,否,否,否,否,否,否,否,否,电子服务,否
669,24.0,43.0,已婚,,48.0,大学学位,4.0,是,男,6.0,是,是,是,是,14.4,25.75,37.2,57.75,36.95,是,是,是,是,是,是,是,是,是,总服务,否
670,72.0,75.0,未婚,48.0,14.0,中学学历,,否,女,1.0,否,否,是,否,37.3,0.0,0.0,109.25,0.0,是,否,否,否,否,否,否,否,否,电子服务,否
671,58.0,61.0,未婚,,,大学学位,18.0,是,女,,否,否,是,否,16.35,0.0,0.0,17.0,0.0,是,否,否,是,否,否,否,否,否,电子服务,否
672,70.0,44.0,已婚,24.0,87.0,中学学历,18.0,是,男,3.0,是,否,是,否,18.9,47.5,0.0,25.0,0.0,是,是,否,否,是,是,是,是,否,附加服务,否
673,9.0,25.0,未婚,3.0,27.0,未完成中学学历,4.0,是,女,1.0,否,否,否,否,12.2,0.0,0.0,0.0,0.0,否,否,否,否,否,否,否,否,否,基础服务,是
674,49.0,25.0,未婚,1.0,27.0,研究生学位,0.0,是,女,1.0,否,是,是,是,9.9,0.0,43.15,5.5,26.9,是,是,是,是,否,否,否,否,是,电子服务,否
675,52.0,54.0,,7.0,,社区学院,22.0,是,男,1.0,是,否,是,是,15.25,32.5,0.0,21.75,39.3,是,否,否,否,是,是,否,是,否,附加服务,否
676,10.0,42.0,,10.0,294.0,大学学位,9.0,是,女,6.0,是,是,是,是,4.85,27.5,44.35,23.5,36.85,是,是,是,是,是,是,是,是,是,总服务,是
677,14.0,52.0,已婚,2.0,,社区学院,5.0,是,男,2.0,否,否,是,是,4.85,0.0,0.0,14.25,14.9,否,是,否,否,是,是,否,否,否,附加服务,否
678,19.0,27.0,已婚,3.0,35.0,中学学历,4.0,是,男,6.0,是,否,是,否,5.4,20.5,0.0,23.0,0.0,否,是,是,否,是,是,是,是,否,总服务,否
679,12.0,36.0,已婚,4.0,205.0,大学学位,10.0,是,女,4.0,否,是,否,是,5.95,0.0,38.3,0.0,32.0,是,是,是,是,否,否,否,否,是,电子服务,是
680,65.0,59.0,未婚,27.0,732.0,社区学院,31.0,是,女,1.0,否,否,是,否,10.15,0.0,0.0,13.25,0.0,是,是,否,否,否,否,是,是,是,电子服务,否
681,67.0,40.0,,14.0,59.0,社区学院,11.0,是,男,2.0,是,否,是,否,27.0,30.0,0.0,19.75,0.0,否,否,否,否,是,是,是,是,否,附加服务,否
682,29.0,24.0,已婚,,23.0,未完成中学学历,7.0,是,男,2.0,是,否,是,否,10.2,32.25,0.0,17.5,0.0,否,否,否,否,是,是,是,是,否,附加服务,否
683,55.0,46.0,未婚,8.0,87.0,中学学历,19.0,是,女,1.0,否,是,是,否,17.9,0.0,28.0,15.25,0.0,否,否,否,是,否,否,是,是,是,基础服务,否
684,71.0,67.0,已婚,25.0,110.0,未完成中学学历,23.0,是,女,2.0,是,否,是,否,33.85,21.75,0.0,18.25,0.0,否,否,否,否,否,是,是,是,否,附加服务,否
685,5.0,44.0,已婚,2.0,,社区学院,14.0,是,女,3.0,是,否,是,是,4.0,26.25,0.0,20.25,21.95,否,是,否,是,是,是,是,是,否,附加服务,是
686,60.0,58.0,未婚,0.0,,大学学位,21.0,是,女,3.0,是,是,是,否,16.35,28.0,23.85,13.25,0.0,是,否,否,否,否,否,否,否,是,电子服务,否
687,10.0,40.0,未婚,6.0,22.0,社区学院,6.0,是,女,1.0,否,否,否,否,5.05,0.0,0.0,0.0,0.0,否,否,否,是,否,否,否,否,否,基础服务,是
688,52.0,64.0,,44.0,,社区学院,,,男,1.0,是,是,是,是,12.85,28.5,48.75,24.0,37.15,是,是,是,是,是,是,是,是,否,总服务,否
689,61.0,43.0,已婚,,35.0,中学学历,11.0,是,男,3.0,是,否,是,否,21.05,15.5,0.0,17.25,0.0,是,否,否,是,否,否,否,否,是,电子服务,否
690,61.0,29.0,已婚,5.0,48.0,中学学历,11.0,是,男,4.0,否,否,是,否,17.55,0.0,0.0,37.0,0.0,是,否,否,否,否,否,否,是,否,电子服务,否
691,67.0,47.0,已婚,19.0,69.0,社区学院,12.0,是,男,3.0,是,否,是,否,49.35,27.0,0.0,10.25,0.0,是,否,否,否,是,是,是,是,否,附加服务,否
692,41.0,42.0,,12.0,26.0,大学学位,5.0,是,男,4.0,否,否,否,否,10.95,0.0,0.0,0.0,0.0,是,否,否,是,否,否,是,否,否,电子服务,否
693,30.0,28.0,未婚,1.0,,未完成中学学历,8.0,是,女,1.0,否,否,否,否,12.4,0.0,0.0,0.0,0.0,否,否,否,否,否,否,否,否,否,基础服务,是
694,24.0,46.0,未婚,12.0,43.0,中学学历,6.0,是,,1.0,是,否,是,是,12.05,48.25,0.0,33.0,28.15,否,是,是,否,是,是,是,是,是,总服务,否
695,72.0,75.0,未婚,37.0,,未完成中学学历,44.0,否,女,1.0,是,否,是,否,49.3,31.75,0.0,26.0,0.0,是,否,否,否,否,否,否,是,否,电子服务,否
696,17.0,35.0,未婚,,66.0,中学学历,11.0,是,男,1.0,否,是,是,是,5.15,0.0,29.15,11.25,28.05,是,是,是,是,是,否,是,是,是,总服务,是
697,65.0,72.0,未婚,,,中学学历,0.0,否,男,1.0,否,否,是,否,29.6,0.0,0.0,18.0,0.0,是,否,否,否,否,是,是,是,否,附加服务,否
698,15.0,30.0,已婚,8.0,90.0,中学学历,11.0,是,男,5.0,是,否,是,是,7.35,18.5,0.0,9.75,23.0,否,否,是,是,是,是,是,是,是,总服务,否
699,34.0,33.0,,8.0,35.0,社区学院,2.0,是,,1.0,否,否,否,否,7.5,0.0,0.0,0.0,0.0,是,否,否,否,否,否,否,否,否,电子服务,是
700,26.0,43.0,未婚,23.0,51.0,研究生学位,4.0,是,女,1.0,否,是,否,否,7.9,0.0,21.95,0.0,0.0,是,否,否,是,否,否,否,否,否,电子服务,是
701,36.0,45.0,未婚,22.0,117.0,社区学院,15.0,是,女,1.0,否,否,否,否,10.5,0.0,0.0,0.0,0.0,是,否,否,否,否,否,否,否,是,电子服务,否
702,,48.0,未婚,29.0,100.0,中学学历,26.0,是,女,1.0,是,否,是,否,24.4,42.25,0.0,13.5,0.0,否,否,否,否,是,是,是,是,否,附加服务,否
703,16.0,54.0,未婚,20.0,147.0,未完成中学学历,29.0,是,男,4.0,是,否,是,否,6.95,23.25,0.0,6.5,0.0,否,否,否,否,是,是,是,是,否,附加服务,否
704,1.0,33.0,未婚,,53.0,大学学位,6.0,是,女,1.0,否,否,否,否,1.95,0.0,0.0,0.0,0.0,否,否,否,否,否,否,否,否,否,基础服务,是
705,56.0,30.0,已婚,9.0,57.0,研究生学位,2.0,是,男,4.0,否,是,是,否,16.85,0.0,36.7,6.5,0.0,是,是,否,是,否,否,否,否,是,电子服务,否
706,6.0,50.0,未婚,,37.0,中学学历,0.0,是,男,1.0,否,是,否,否,5.35,0.0,23.55,0.0,0.0,是,否,否,否,否,否,否,否,是,电子服务,否
707,48.0,34.0,,7.0,42.0,社区学院,2.0,是,女,1.0,否,否,是,否,14.15,0.0,0.0,8.0,0.0,是,否,否,否,否,是,否,否,否,电子服务,否
708,34.0,36.0,已婚,,50.0,未完成中学学历,,,男,2.0,是,否,是,否,10.2,24.5,0.0,13.75,0.0,否,否,否,否,是,是,是,是,否,附加服务,否
709,54.0,42.0,已婚,0.0,55.0,大学学位,2.0,是,男,5.0,是,是,是,是,14.3,55.5,62.15,19.25,83.7,是,是,是,是,是,是,是,是,是,总服务,是
710,38.0,31.0,已婚,2.0,,中学学历,7.0,是,女,4.0,是,否,是,否,10.8,22.25,0.0,9.25,0.0,否,是,是,否,是,是,是,是,否,总服务,否
711,25.0,55.0,未婚,15.0,37.0,未完成中学学历,7.0,是,女,1.0,否,否,否,否,10.95,0.0,0.0,0.0,0.0,否,否,否,否,否,否,否,否,否,基础服务,是
712,47.0,69.0,,17.0,228.0,社区学院,39.0,是,女,4.0,是,是,是,是,10.8,35.5,37.5,21.0,50.9,是,是,是,是,是,是,是,是,是,总服务,是
713,72.0,62.0,已婚,35.0,,研究生学位,31.0,是,男,2.0,是,是,是,是,28.35,32.75,45.15,39.75,56.55,是,是,是,是,是,是,是,是,否,总服务,否
714,6.0,35.0,已婚,6.0,28.0,大学学位,3.0,是,女,3.0,是,是,是,是,3.25,23.0,39.35,18.5,30.3,否,否,是,是,是,是,是,是,否,总服务,否
715,30.0,51.0,已婚,9.0,118.0,研究生学位,21.0,是,女,2.0,否,否,否,否,6.4,0.0,0.0,0.0,0.0,否,否,否,否,否,否,否,否,否,基础服务,否
716,65.0,70.0,已婚,9.0,,中学学历,,,,2.0,是,否,是,是,26.85,26.0,0.0,43.0,33.75,是,是,否,否,是,是,是,是,是,总服务,否
717,22.0,,已婚,,37.0,大学学位,1.0,是,男,2.0,是,否,是,否,14.3,35.25,0.0,18.5,0.0,是,是,否,否,是,是,是,是,否,附加服务,否
718,60.0,53.0,未婚,32.0,,未完成中学学历,28.0,是,男,1.0,是,否,是,否,13.35,39.5,0.0,21.0,0.0,否,否,否,否,是,是,是,是,否,附加服务,否
719,19.0,32.0,未婚,12.0,71.0,大学学位,5.0,是,女,1.0,是,是,是,是,5.25,21.5,62.4,17.0,47.8,是,是,是,是,是,是,是,是,是,总服务,是
720,18.0,25.0,未婚,4.0,26.0,中学学历,7.0,是,女,3.0,是,否,是,否,3.3,27.5,0.0,31.0,0.0,否,否,否,否,否,否,否,是,否,基础服务,否
721,9.0,37.0,,10.0,14.0,大学学位,5.0,是,女,6.0,否,是,否,否,2.4,0.0,25.25,0.0,0.0,否,否,否,否,是,否,否,否,否,基础服务,是
722,1.0,34.0,已婚,6.0,18.0,未完成中学学历,0.0,是,女,2.0,否,否,否,否,1.6,0.0,0.0,0.0,0.0,否,否,否,是,否,否,否,否,否,基础服务,是
723,10.0,28.0,已婚,,36.0,大学学位,0.0,是,女,3.0,是,是,否,是,6.3,19.75,27.35,0.0,22.65,否,是,是,是,是,是,是,是,是,总服务,否
724,45.0,34.0,已婚,14.0,43.0,大学学位,0.0,是,,4.0,否,是,否,否,6.55,0.0,32.35,0.0,0.0,是,否,否,是,否,否,否,否,是,电子服务,是
725,25.0,28.0,已婚,6.0,41.0,大学学位,4.0,是,女,,是,是,是,是,5.8,14.25,33.85,31.5,26.6,否,是,否,否,否,是,是,是,是,附加服务,是
726,66.0,39.0,未婚,1.0,66.0,中学学历,15.0,是,女,1.0,否,否,是,否,11.6,0.0,0.0,11.5,0.0,是,否,否,否,否,否,否,否,否,电子服务,否
727,27.0,67.0,未婚,1.0,,大学学位,,,女,1.0,是,是,是,否,3.6,17.75,32.35,12.0,0.0,是,是,否,否,否,是,是,是,否,附加服务,是
728,19.0,41.0,未婚,5.0,53.0,大学学位,,,男,1.0,否,否,否,否,6.45,0.0,0.0,0.0,0.0,否,否,否,否,是,否,否,否,否,基础服务,否
729,17.0,41.0,已婚,9.0,28.0,大学学位,3.0,是,男,6.0,否,否,是,否,1.8,0.0,0.0,10.0,0.0,否,否,否,否,是,是,否,否,否,基础服务,否
730,16.0,36.0,未婚,13.0,58.0,大学学位,4.0,是,男,1.0,是,是,否,否,4.85,18.0,31.75,0.0,0.0,否,否,否,否,否,是,是,否,是,基础服务,否
731,8.0,42.0,已婚,,129.0,大学学位,17.0,是,女,,否,否,否,否,6.1,0.0,0.0,0.0,0.0,否,否,否,是,否,否,否,是,是,基础服务,否
732,3.0,25.0,,0.0,65.0,大学学位,0.0,是,女,1.0,否,是,是,否,3.3,0.0,34.25,11.25,0.0,否,是,否,是,是,是,否,是,是,总服务,是
733,59.0,57.0,未婚,26.0,,社区学院,36.0,是,女,1.0,否,否,是,否,28.75,0.0,0.0,7.5,0.0,否,否,否,否,否,否,否,否,否,基础服务,否
734,45.0,37.0,,2.0,,社区学院,14.0,是,女,1.0,否,是,否,否,10.8,0.0,25.0,0.0,0.0,是,否,否,否,否,否,否,否,是,电子服务,否
735,66.0,62.0,未婚,31.0,47.0,中学学历,,,女,1.0,是,否,是,否,34.25,21.0,0.0,20.0,0.0,是,否,否,否,否,否,否,否,否,电子服务,否
736,28.0,50.0,已婚,7.0,,未完成中学学历,3.0,是,男,2.0,否,否,是,否,14.85,0.0,0.0,13.0,0.0,否,否,否,否,否,否,是,否,否,基础服务,否
737,15.0,38.0,,11.0,46.0,研究生学位,11.0,是,男,3.0,否,否,否,否,3.85,0.0,0.0,0.0,0.0,否,否,否,否,是,否,否,否,否,基础服务,是
738,39.0,34.0,,10.0,51.0,社区学院,13.0,是,女,4.0,是,否,是,是,7.9,78.75,0.0,35.0,38.8,否,是,是,否,是,是,是,是,否,总服务,否
739,38.0,33.0,未婚,,19.0,中学学历,5.0,是,女,2.0,是,否,否,否,8.5,14.25,0.0,0.0,0.0,否,否,否,否,是,是,否,否,否,附加服务,否
740,34.0,29.0,,,26.0,社区学院,4.0,是,女,2.0,否,是,否,否,6.75,0.0,25.8,0.0,0.0,是,否,否,是,否,否,否,否,是,电子服务,否
741,60.0,57.0,,18.0,72.0,研究生学位,30.0,否,男,2.0,是,是,是,是,20.35,29.0,50.25,20.5,55.9,是,是,是,是,是,是,是,是,是,总服务,否
742,72.0,65.0,已婚,,,未完成中学学历,41.0,否,女,4.0,是,否,是,否,53.65,22.5,0.0,66.25,0.0,是,否,否,否,是,是,是,否,否,附加服务,否
743,42.0,42.0,已婚,9.0,41.0,中学学历,13.0,是,男,8.0,是,否,否,否,15.0,29.25,0.0,0.0,0.0,否,是,否,否,否,是,是,否,否,附加服务,否
744,32.0,37.0,未婚,9.0,44.0,中学学历,7.0,是,男,1.0,否,否,否,否,11.25,0.0,0.0,0.0,0.0,否,否,否,否,否,否,否,是,是,基础服务,否
745,48.0,50.0,,4.0,,大学学位,19.0,是,女,2.0,是,是,是,是,12.9,22.75,43.2,12.0,41.25,是,是,是,是,是,是,否,是,是,总服务,是
746,63.0,37.0,,,45.0,大学学位,9.0,是,女,6.0,否,是,是,否,14.95,0.0,39.25,13.5,0.0,是,是,否,是,否,否,否,否,是,电子服务,否
747,45.0,27.0,,3.0,39.0,社区学院,,,男,4.0,否,否,否,否,13.45,0.0,0.0,0.0,0.0,是,否,否,否,否,否,是,否,否,电子服务,否
748,68.0,42.0,未婚,16.0,89.0,大学学位,12.0,是,男,1.0,否,是,是,否,25.6,0.0,33.0,16.0,0.0,是,否,否,是,否,否,否,否,是,电子服务,否
749,6.0,29.0,已婚,4.0,,中学学历,5.0,是,女,2.0,否,否,否,否,4.2,0.0,0.0,0.0,0.0,否,否,否,否,否,否,否,否,否,基础服务,否
750,68.0,57.0,已婚,33.0,,中学学历,0.0,是,女,2.0,是,否,是,是,16.1,49.0,0.0,18.75,50.6,是,是,是,是,是,是,是,是,是,总服务,是
751,72.0,68.0,已婚,26.0,,中学学历,36.0,否,女,2.0,是,是,是,是,58.65,24.0,38.2,20.25,48.85,是,是,否,是,是,是,是,是,否,总服务,否
752,53.0,38.0,已婚,15.0,20.0,社区学院,6.0,是,女,4.0,否,否,是,是,12.05,0.0,0.0,10.75,20.25,是,否,否,是,否,是,是,否,是,电子服务,否
753,20.0,51.0,已婚,11.0,27.0,大学学位,6.0,是,男,3.0,是,否,是,否,9.05,24.75,0.0,11.5,0.0,否,否,否,否,是,是,是,是,是,附加服务,否
754,70.0,35.0,已婚,,48.0,中学学历,9.0,是,男,3.0,否,否,是,否,43.6,0.0,0.0,30.0,0.0,是,否,否,否,否,否,否,是,否,电子服务,否
755,32.0,47.0,未婚,25.0,135.0,中学学历,6.0,是,女,1.0,否,否,否,否,10.5,0.0,0.0,0.0,0.0,否,否,否,是,否,否,否,否,否,基础服务,否
756,61.0,52.0,已婚,23.0,,未完成中学学历,0.0,是,男,2.0,是,是,是,否,18.2,24.75,29.95,9.25,0.0,是,否,否,否,是,是,是,是,否,附加服务,是
757,24.0,25.0,已婚,3.0,28.0,大学学位,0.0,是,男,3.0,否,是,是,是,10.6,0.0,40.4,25.25,23.4,是,否,是,是,否,否,否,否,是,电子服务,否
758,56.0,61.0,已婚,14.0,,未完成中学学历,16.0,否,女,2.0,否,否,是,否,16.85,0.0,0.0,11.25,0.0,否,否,否,否,否,否,否,否,否,基础服务,否
759,54.0,59.0,未婚,28.0,28.0,中学学历,15.0,是,男,1.0,否,是,是,是,10.7,0.0,31.65,5.25,19.05,是,否,否,是,是,否,否,是,否,电子服务,否
760,43.0,38.0,,7.0,18.0,社区学院,,,女,3.0,否,是,否,是,9.4,0.0,39.55,0.0,29.4,是,是,是,是,是,是,否,否,否,总服务,否
761,19.0,35.0,未婚,7.0,,社区学院,5.0,是,女,,是,是,是,是,3.65,37.0,40.3,21.25,43.05,是,是,是,是,是,是,是,是,否,总服务,是
762,5.0,43.0,未婚,16.0,72.0,社区学院,17.0,是,,1.0,是,否,是,否,5.55,15.75,0.0,6.5,0.0,否,否,否,否,是,是,是,是,否,附加服务,否
763,24.0,61.0,已婚,6.0,,大学学位,,,女,4.0,否,否,是,否,8.2,0.0,0.0,11.0,0.0,否,否,否,是,否,否,否,否,是,基础服务,是
764,62.0,35.0,已婚,2.0,28.0,中学学历,8.0,是,女,2.0,否,否,是,否,18.45,0.0,0.0,19.0,0.0,是,否,否,否,否,否,否,否,否,电子服务,否
765,14.0,40.0,未婚,13.0,398.0,研究生学位,11.0,是,女,1.0,是,是,是,是,6.4,18.0,43.1,23.75,47.7,是,是,是,是,是,是,是,是,是,总服务,是
766,60.0,48.0,已婚,22.0,106.0,社区学院,21.0,是,女,3.0,是,否,是,是,13.05,44.25,0.0,17.0,69.55,是,是,是,否,是,是,是,是,否,总服务,否
767,30.0,74.0,已婚,12.0,10.0,未完成中学学历,3.0,否,女,2.0,是,否,是,否,7.25,30.25,0.0,17.25,0.0,否,否,否,否,是,是,是,是,否,附加服务,否
768,40.0,42.0,,16.0,108.0,社区学院,17.0,是,男,4.0,否,是,否,否,4.95,0.0,29.7,0.0,0.0,是,否,否,是,否,否,否,否,是,电子服务,是
769,42.0,50.0,已婚,17.0,85.0,中学学历,15.0,是,女,4.0,否,否,是,否,14.3,0.0,0.0,11.5,0.0,否,否,否,否,否,否,否,否,否,基础服务,否
770,20.0,,未婚,14.0,,社区学院,9.0,是,女,1.0,否,否,否,否,5.65,0.0,0.0,0.0,0.0,是,否,否,是,否,否,否,否,否,电子服务,是
771,4.0,22.0,已婚,1.0,,中学学历,2.0,是,女,3.0,否,否,是,否,2.25,0.0,0.0,23.5,0.0,否,否,否,否,是,否,是,是,否,附加服务,否
772,44.0,49.0,已婚,2.0,66.0,中学学历,8.0,是,女,4.0,是,否,是,是,4.25,43.25,0.0,38.75,39.55,是,是,是,否,是,是,是,是,否,总服务,否
773,49.0,63.0,未婚,18.0,,中学学历,2.0,否,男,1.0,是,否,是,否,13.9,33.25,0.0,12.75,0.0,否,否,否,否,是,是,是,是,否,附加服务,否
774,5.0,36.0,已婚,2.0,34.0,未完成中学学历,4.0,是,女,2.0,是,否,否,否,3.5,19.5,0.0,0.0,0.0,否,否,否,否,是,否,是,是,否,附加服务,是
775,70.0,50.0,已婚,,67.0,未完成中学学历,22.0,是,男,4.0,否,否,是,否,51.9,0.0,0.0,15.75,0.0,是,否,否,否,否,否,否,否,否,电子服务,否
776,30.0,57.0,已婚,16.0,19.0,未完成中学学历,1.0,是,男,4.0,否,否,是,否,7.25,0.0,0.0,8.5,0.0,否,否,否,否,否,否,否,否,否,基础服务,是
777,28.0,48.0,未婚,20.0,128.0,大学学位,4.0,是,女,1.0,是,是,是,是,10.0,20.75,53.6,26.5,55.3,否,是,是,是,是,是,是,是,是,总服务,是
778,5.0,28.0,已婚,3.0,39.0,研究生学位,1.0,是,男,6.0,是,是,是,是,4.7,24.25,44.65,16.5,32.5,是,是,是,是,是,是,是,是,否,总服务,否
779,27.0,35.0,未婚,12.0,56.0,未完成中学学历,3.0,是,女,1.0,是,是,是,是,8.25,32.5,35.65,11.0,33.85,否,是,是,否,是,是,是,是,是,总服务,否
780,17.0,39.0,未婚,12.0,45.0,大学学位,10.0,是,女,1.0,否,是,否,否,8.65,0.0,28.95,0.0,0.0,否,否,否,否,否,否,否,否,是,基础服务,是
781,4.0,37.0,已婚,8.0,25.0,未完成中学学历,1.0,是,女,5.0,否,否,否,否,2.5,0.0,0.0,0.0,0.0,否,否,否,否,否,否,否,否,否,基础服务,否
782,30.0,23.0,已婚,0.0,24.0,中学学历,1.0,是,女,4.0,是,否,否,否,13.35,22.5,0.0,0.0,0.0,否,否,否,是,是,是,否,是,否,附加服务,否
783,71.0,40.0,已婚,19.0,53.0,大学学位,14.0,是,女,2.0,是,否,是,是,10.15,40.0,0.0,27.75,38.35,是,否,是,是,是,是,是,是,否,总服务,否
784,67.0,77.0,未婚,55.0,49.0,未完成中学学历,45.0,否,女,1.0,否,否,是,否,25.35,0.0,0.0,26.75,0.0,否,否,否,否,否,是,否,否,否,基础服务,否
785,24.0,48.0,已婚,3.0,38.0,未完成中学学历,16.0,是,女,2.0,否,否,是,否,5.55,0.0,0.0,11.25,0.0,否,否,否,否,否,否,否,否,否,基础服务,否
786,24.0,54.0,已婚,7.0,84.0,社区学院,10.0,是,女,2.0,否,是,是,否,11.45,0.0,28.7,10.5,0.0,否,否,否,是,否,否,否,否,是,基础服务,是
787,59.0,54.0,未婚,32.0,,未完成中学学历,22.0,是,女,1.0,是,否,是,否,13.6,28.75,0.0,11.75,0.0,否,否,否,否,是,是,是,是,否,附加服务,否
788,59.0,32.0,未婚,9.0,73.0,大学学位,5.0,是,男,1.0,是,否,是,否,29.2,21.5,0.0,12.75,0.0,是,否,否,否,是,是,否,否,是,电子服务,是
789,44.0,37.0,,1.0,41.0,大学学位,8.0,是,女,6.0,否,否,否,否,9.15,0.0,0.0,0.0,0.0,是,是,否,是,否,否,否,否,是,电子服务,否
790,19.0,31.0,已婚,,22.0,大学学位,2.0,是,,3.0,否,否,否,否,4.85,0.0,0.0,0.0,0.0,是,否,否,否,否,否,否,否,否,电子服务,是
791,58.0,46.0,已婚,23.0,23.0,未完成中学学历,2.0,是,女,,否,是,是,否,11.1,0.0,25.6,10.5,0.0,否,否,否,是,否,否,否,否,否,基础服务,否
792,41.0,53.0,已婚,22.0,94.0,中学学历,25.0,是,男,2.0,否,否,是,否,12.65,0.0,0.0,11.75,0.0,是,否,否,否,否,否,否,是,否,电子服务,否
793,16.0,33.0,,1.0,,社区学院,7.0,是,男,,是,是,是,是,9.25,21.0,41.4,17.75,41.0,否,是,否,否,是,是,是,是,否,附加服务,是
794,,36.0,未婚,11.0,31.0,中学学历,0.0,是,男,1.0,否,否,否,否,2.3,0.0,0.0,0.0,0.0,否,否,否,否,否,否,否,是,否,基础服务,是
795,60.0,53.0,未婚,22.0,171.0,未完成中学学历,,,女,1.0,是,否,是,否,9.9,31.75,0.0,18.0,0.0,否,否,否,否,是,是,是,是,否,附加服务,否
796,72.0,49.0,已婚,23.0,102.0,未完成中学学历,27.0,是,女,6.0,否,否,是,否,41.15,0.0,0.0,33.25,0.0,是,否,否,否,否,否,否,否,否,电子服务,否
797,33.0,39.0,未婚,17.0,27.0,大学学位,3.0,是,,1.0,是,是,是,是,9.7,21.75,41.75,8.5,61.6,是,是,是,是,否,是,否,否,是,总服务,否
798,72.0,45.0,,25.0,98.0,大学学位,20.0,是,女,2.0,否,否,是,是,30.25,0.0,0.0,13.25,42.85,是,是,是,否,是,是,是,是,否,总服务,否
799,66.0,54.0,,,,大学学位,25.0,是,,2.0,是,是,是,是,25.0,34.25,45.0,16.0,53.0,是,是,是,否,是,是,是,是,否,总服务,否
800,53.0,37.0,已婚,7.0,25.0,未完成中学学历,2.0,是,女,,是,否,是,否,5.4,52.0,0.0,34.0,0.0,否,否,否,否,是,是,是,是,否,附加服务,否
801,22.0,28.0,,0.0,36.0,大学学位,0.0,是,男,4.0,是,是,是,是,9.7,21.5,39.9,9.5,42.9,是,否,是,是,是,是,是,是,是,总服务,否
802,14.0,26.0,已婚,1.0,25.0,中学学历,,,女,3.0,否,否,否,否,4.4,0.0,0.0,0.0,0.0,否,否,否,否,是,否,是,否,否,附加服务,否
803,52.0,49.0,未婚,18.0,69.0,中学学历,13.0,是,女,2.0,否,否,是,是,18.35,0.0,0.0,19.0,34.5,否,否,否,否,是,是,是,是,否,附加服务,否
804,33.0,30.0,已婚,5.0,22.0,未完成中学学历,0.0,是,男,2.0,是,否,是,是,5.55,33.75,0.0,37.25,30.0,否,否,是,否,是,是,是,是,否,附加服务,否
805,72.0,66.0,未婚,26.0,67.0,中学学历,37.0,否,女,1.0,是,否,是,否,39.1,65.0,0.0,39.75,0.0,是,否,否,否,是,是,是,是,否,附加服务,否
806,40.0,40.0,已婚,3.0,73.0,大学学位,12.0,是,女,4.0,否,否,是,是,10.0,0.0,0.0,14.0,27.15,是,是,否,否,是,是,是,是,否,附加服务,是
807,29.0,26.0,未婚,1.0,22.0,大学学位,2.0,是,女,1.0,否,是,是,是,6.1,0.0,47.0,24.25,35.55,是,是,是,是,是,否,是,是,是,总服务,是
808,63.0,67.0,未婚,22.0,,中学学历,12.0,否,男,1.0,否,否,是,否,18.05,0.0,0.0,19.0,0.0,否,否,否,否,是,是,是,是,否,附加服务,否
809,56.0,54.0,未婚,,,社区学院,,,,1.0,是,是,是,是,12.7,24.5,39.05,24.25,34.2,是,否,是,是,是,否,否,否,是,电子服务,否
810,60.0,50.0,已婚,26.0,239.0,中学学历,19.0,是,女,2.0,是,否,是,是,21.5,77.75,0.0,10.25,64.2,否,是,是,否,是,是,是,是,否,总服务,否
811,28.0,22.0,,3.0,23.0,社区学院,1.0,是,男,5.0,否,否,否,否,10.95,0.0,0.0,0.0,0.0,否,否,否,否,是,否,否,否,是,基础服务,否
812,39.0,39.0,未婚,,29.0,大学学位,,,男,1.0,否,否,是,否,5.95,0.0,0.0,21.25,0.0,是,否,否,是,否,否,否,是,否,电子服务,否
813,65.0,39.0,已婚,18.0,32.0,中学学历,15.0,是,男,4.0,否,否,是,否,21.1,0.0,0.0,9.75,0.0,否,否,否,否,是,否,是,否,否,附加服务,否
814,,31.0,未婚,7.0,30.0,社区学院,7.0,是,女,1.0,是,否,是,否,7.6,33.75,0.0,14.5,0.0,否,否,是,否,是,是,是,是,否,附加服务,否
815,28.0,36.0,未婚,8.0,57.0,中学学历,13.0,是,女,2.0,是,否,是,否,9.6,21.75,0.0,17.25,0.0,否,否,否,否,是,是,是,是,否,附加服务,否
816,,18.0,未婚,0.0,20.0,中学学历,,,男,1.0,是,否,是,是,3.75,22.25,0.0,23.5,27.1,否,否,是,否,是,是,是,是,否,附加服务,是
817,67.0,52.0,未婚,13.0,,中学学历,20.0,是,女,3.0,是,是,是,否,35.85,39.75,34.3,22.25,0.0,是,否,否,否,是,否,是,是,否,附加服务,否
818,5.0,35.0,已婚,9.0,59.0,社区学院,8.0,是,女,5.0,是,是,是,是,3.1,18.5,37.9,22.75,26.4,否,否,是,是,是,是,否,否,是,总服务,否
819,48.0,35.0,未婚,10.0,24.0,中学学历,6.0,是,男,1.0,是,否,是,否,16.95,43.0,0.0,28.5,0.0,否,否,否,否,是,否,是,是,否,附加服务,否
820,10.0,26.0,已婚,,25.0,未完成中学学历,4.0,是,女,3.0,否,否,否,否,3.7,0.0,0.0,0.0,0.0,否,否,否,否,否,否,否,否,否,基础服务,否
821,17.0,28.0,未婚,3.0,37.0,社区学院,2.0,是,女,1.0,否,否,否,否,5.5,0.0,0.0,0.0,0.0,是,否,否,否,否,否,是,是,否,附加服务,是
822,21.0,24.0,,0.0,,大学学位,0.0,是,女,5.0,是,是,是,是,17.8,23.75,36.3,10.5,31.75,是,是,否,是,否,是,是,否,是,总服务,否
823,25.0,51.0,,,66.0,大学学位,13.0,是,男,2.0,是,是,是,是,6.45,16.25,48.15,31.0,34.55,是,是,是,是,是,是,是,是,是,总服务,否
824,44.0,31.0,未婚,8.0,16.0,未完成中学学历,3.0,是,男,1.0,否,否,是,否,14.4,0.0,0.0,12.0,0.0,否,否,否,否,否,否,否,否,否,基础服务,是
825,59.0,49.0,未婚,28.0,429.0,大学学位,23.0,是,女,2.0,是,是,是,是,10.2,24.25,42.85,16.0,43.35,是,否,是,否,是,否,是,是,是,总服务,是
826,11.0,26.0,未婚,7.0,20.0,中学学历,4.0,是,男,1.0,否,否,否,否,6.95,0.0,0.0,0.0,0.0,否,否,否,否,否,否,否,否,否,基础服务,否
827,50.0,68.0,已婚,32.0,,社区学院,28.0,是,男,2.0,是,是,是,是,12.4,20.5,40.8,18.25,25.15,否,否,否,是,是,否,是,是,是,附加服务,否
828,23.0,,已婚,2.0,,社区学院,1.0,是,女,,否,否,否,否,4.15,0.0,0.0,0.0,0.0,是,否,否,否,否,否,否,否,否,电子服务,否
829,17.0,19.0,未婚,0.0,18.0,中学学历,0.0,是,女,2.0,否,是,否,否,7.1,0.0,24.95,0.0,0.0,是,否,否,是,否,否,否,否,是,电子服务,是
830,,62.0,已婚,3.0,144.0,,21.0,是,男,2.0,是,否,是,是,5.25,15.5,0.0,31.75,33.95,否,是,否,否,是,是,是,是,否,附加服务,否
831,68.0,57.0,已婚,38.0,,未完成中学学历,9.0,是,女,2.0,否,否,是,否,13.5,0.0,0.0,19.0,0.0,是,否,否,否,否,否,否,否,否,电子服务,否
832,69.0,42.0,已婚,23.0,19.0,社区学院,0.0,是,女,2.0,否,是,是,否,25.95,0.0,36.9,18.75,0.0,否,否,否,是,否,否,否,否,是,基础服务,否
833,30.0,24.0,已婚,3.0,30.0,未完成中学学历,7.0,是,女,5.0,否,否,否,否,6.75,0.0,0.0,0.0,0.0,否,否,否,否,否,否,否,否,否,基础服务,是
834,22.0,30.0,未婚,,41.0,中学学历,8.0,是,男,1.0,是,否,是,是,6.1,22.75,0.0,13.25,21.35,否,是,否,否,是,是,否,是,否,附加服务,否
835,10.0,20.0,已婚,1.0,20.0,中学学历,,,女,4.0,否,否,否,否,5.9,0.0,0.0,0.0,0.0,否,否,否,否,否,否,否,否,否,基础服务,是
836,72.0,59.0,已婚,12.0,65.0,社区学院,21.0,是,女,6.0,否,是,是,否,34.65,0.0,36.45,40.75,0.0,是,否,否,否,是,否,否,否,否,电子服务,否
837,34.0,24.0,已婚,5.0,17.0,大学学位,0.0,是,女,2.0,否,否,是,否,15.25,0.0,0.0,4.75,0.0,否,否,否,否,是,否,否,是,否,附加服务,否
838,43.0,49.0,已婚,18.0,66.0,未完成中学学历,22.0,是,男,4.0,否,否,是,否,8.6,0.0,0.0,20.75,0.0,是,否,否,否,否,是,否,是,否,附加服务,否
839,31.0,37.0,,15.0,18.0,大学学位,5.0,是,男,3.0,是,是,是,是,5.2,19.5,47.25,15.75,39.8,否,是,是,是,是,否,是,否,是,总服务,否
840,6.0,27.0,已婚,,26.0,大学学位,2.0,是,男,5.0,是,否,否,否,5.6,12.0,0.0,0.0,0.0,否,否,否,否,否,否,否,否,否,基础服务,是
841,48.0,42.0,未婚,21.0,46.0,大学学位,4.0,是,男,1.0,否,否,是,否,14.45,0.0,0.0,41.5,0.0,否,否,否,否,否,是,是,否,否,附加服务,否
842,50.0,25.0,未婚,6.0,19.0,未完成中学学历,5.0,是,男,3.0,否,否,是,否,7.25,0.0,0.0,7.5,0.0,否,否,否,否,否,否,否,否,否,基础服务,否
843,20.0,41.0,已婚,,58.0,,6.0,是,女,2.0,否,否,否,否,5.25,0.0,0.0,0.0,0.0,是,否,否,否,否,否,否,否,否,电子服务,否
844,,73.0,未婚,10.0,,未完成中学学历,21.0,否,男,1.0,否,否,是,否,16.65,0.0,0.0,71.0,0.0,否,否,否,否,否,否,否,否,否,基础服务,否
845,6.0,21.0,未婚,0.0,15.0,中学学历,1.0,是,女,1.0,否,否,否,否,3.65,0.0,0.0,0.0,0.0,否,否,否,否,否,否,否,否,否,基础服务,否
846,1.0,22.0,未婚,,,中学学历,2.0,是,男,1.0,否,否,否,否,1.65,0.0,0.0,0.0,0.0,否,否,否,是,否,否,否,否,是,基础服务,是
847,21.0,43.0,未婚,13.0,41.0,中学学历,1.0,是,女,1.0,是,是,是,是,6.15,23.75,45.4,12.25,37.25,是,是,是,是,是,是,是,是,是,总服务,是
848,,32.0,未婚,1.0,,大学学位,3.0,是,男,2.0,是,是,否,是,3.6,15.25,41.0,0.0,28.05,是,否,是,是,是,是,是,是,是,总服务,否
849,65.0,56.0,已婚,19.0,,社区学院,34.0,是,女,2.0,是,否,是,是,14.55,69.5,0.0,20.25,68.3,否,是,是,否,是,是,是,是,否,总服务,否
850,64.0,37.0,,,44.0,大学学位,9.0,是,女,1.0,否,是,是,否,16.15,0.0,35.05,22.0,0.0,是,是,否,否,否,否,是,否,是,电子服务,否
851,4.0,30.0,未婚,0.0,41.0,中学学历,0.0,是,男,2.0,否,否,否,否,2.0,0.0,0.0,0.0,0.0,否,否,否,否,是,是,是,否,否,附加服务,是
852,67.0,45.0,已婚,22.0,83.0,社区学院,11.0,是,女,2.0,否,否,是,否,27.0,0.0,0.0,10.75,0.0,是,否,否,否,否,否,是,否,是,电子服务,否
853,22.0,35.0,未婚,12.0,28.0,中学学历,3.0,是,男,2.0,否,否,否,否,6.6,0.0,0.0,0.0,0.0,是,否,是,是,否,否,否,否,否,电子服务,是
854,51.0,37.0,已婚,17.0,101.0,中学学历,10.0,是,女,2.0,否,否,是,否,14.95,0.0,0.0,9.5,0.0,是,否,否,否,否,是,是,否,否,附加服务,否
855,50.0,28.0,未婚,6.0,28.0,未完成中学学历,10.0,是,女,1.0,是,是,是,是,6.4,17.25,36.85,12.75,22.0,是,否,否,否,否,是,是,是,否,附加服务,否
856,31.0,47.0,已婚,,35.0,中学学历,0.0,是,男,2.0,否,否,否,否,11.95,0.0,0.0,0.0,0.0,否,否,否,否,否,否,否,否,否,基础服务,否
857,4.0,28.0,未婚,0.0,39.0,中学学历,3.0,是,女,,是,否,是,否,7.1,15.0,0.0,12.75,0.0,否,否,否,否,是,是,是,否,否,附加服务,是
858,60.0,56.0,,19.0,,大学学位,11.0,是,男,1.0,否,是,是,是,15.25,0.0,57.45,28.5,67.0,是,是,是,是,是,是,是,是,是,总服务,否
859,7.0,31.0,已婚,12.0,31.0,中学学历,7.0,是,女,6.0,否,否,否,否,5.05,0.0,0.0,0.0,0.0,否,否,否,否,否,否,否,否,是,基础服务,是
860,20.0,40.0,未婚,2.0,209.0,大学学位,15.0,是,女,1.0,否,否,是,否,7.2,0.0,0.0,4.75,0.0,是,否,否,否,否,否,否,否,是,电子服务,否
861,,23.0,,4.0,37.0,社区学院,1.0,是,女,4.0,是,是,否,否,8.4,17.5,24.8,0.0,0.0,否,否,否,否,是,是,否,是,否,附加服务,是
862,58.0,37.0,已婚,5.0,64.0,大学学位,8.0,是,女,2.0,是,是,是,是,10.8,58.75,63.25,37.75,109.7,是,是,是,是,是,是,是,是,是,总服务,是
863,65.0,64.0,未婚,20.0,,,26.0,是,女,1.0,是,是,是,是,15.1,36.25,39.9,24.0,48.8,是,是,是,是,是,是,是,是,是,总服务,是
864,72.0,61.0,已婚,34.0,61.0,未完成中学学历,8.0,是,男,3.0,否,否,是,否,27.35,0.0,0.0,13.25,0.0,是,否,否,否,否,否,否,否,否,电子服务,否
865,8.0,42.0,未婚,3.0,66.0,,10.0,是,男,1.0,否,否,是,是,1.95,0.0,0.0,27.5,21.5,否,是,否,是,是,是,是,是,是,总服务,否
866,33.0,40.0,,14.0,19.0,社区学院,5.0,是,男,2.0,否,否,是,否,5.05,0.0,0.0,8.5,0.0,否,否,否,否,否,否,否,否,否,基础服务,否
867,18.0,34.0,已婚,4.0,42.0,中学学历,14.0,是,女,5.0,是,否,是,否,6.45,19.0,0.0,17.0,0.0,否,是,是,否,是,是,是,是,否,总服务,否
868,24.0,31.0,已婚,6.0,41.0,中学学历,13.0,是,,5.0,是,否,是,否,8.5,20.0,0.0,13.0,0.0,否,否,否,否,是,是,是,否,否,附加服务,否
869,70.0,36.0,未婚,8.0,50.0,未完成中学学历,15.0,是,女,,否,否,是,否,20.55,0.0,0.0,20.75,0.0,是,否,否,否,否,否,否,否,否,电子服务,否
870,7.0,38.0,未婚,,70.0,大学学位,,,男,1.0,是,是,是,是,3.85,19.25,38.35,7.0,17.7,是,是,是,是,否,是,否,否,是,总服务,是
871,70.0,59.0,未婚,27.0,85.0,未完成中学学历,19.0,是,女,1.0,是,否,是,否,38.9,62.5,0.0,62.0,0.0,否,否,否,否,是,是,是,是,否,附加服务,否
872,20.0,48.0,已婚,21.0,45.0,社区学院,2.0,是,女,2.0,是,否,是,是,10.7,33.0,0.0,27.5,29.4,是,是,否,否,是,是,是,是,否,附加服务,是
873,54.0,32.0,已婚,12.0,27.0,,9.0,是,男,2.0,否,否,是,否,33.95,0.0,0.0,24.25,0.0,是,否,否,否,否,否,否,否,否,电子服务,否
874,36.0,48.0,未婚,28.0,29.0,未完成中学学历,2.0,是,男,1.0,否,否,否,否,6.0,0.0,0.0,0.0,0.0,否,否,否,否,否,否,否,否,否,基础服务,否
875,,53.0,已婚,29.0,48.0,大学学位,0.0,是,女,2.0,是,否,是,否,34.95,28.75,0.0,36.0,0.0,是,否,否,否,否,是,是,是,否,附加服务,否
876,17.0,41.0,未婚,,32.0,中学学历,3.0,是,男,1.0,是,否,是,否,12.6,9.5,0.0,6.75,0.0,否,否,否,否,是,否,是,否,否,附加服务,否
877,18.0,45.0,已婚,17.0,43.0,未完成中学学历,9.0,是,男,3.0,是,否,是,否,4.45,17.0,0.0,13.75,0.0,否,否,否,否,是,是,是,否,否,附加服务,否
878,16.0,27.0,未婚,8.0,16.0,研究生学位,0.0,是,女,1.0,是,是,是,是,5.45,17.75,44.85,13.5,33.9,否,否,是,否,是,是,是,是,是,总服务,是
879,38.0,,已婚,,22.0,中学学历,3.0,是,女,2.0,否,否,是,否,5.6,0.0,0.0,12.25,0.0,是,否,否,是,否,否,否,否,是,电子服务,否
880,52.0,45.0,已婚,19.0,40.0,社区学院,9.0,是,女,3.0,否,是,是,是,8.45,0.0,34.35,14.5,34.1,是,是,否,是,否,否,是,是,是,总服务,否
881,46.0,48.0,,12.0,256.0,,25.0,是,男,6.0,是,是,是,是,13.8,31.75,43.65,18.75,66.0,是,是,是,是,是,是,是,是,否,总服务,否
882,31.0,46.0,未婚,23.0,144.0,大学学位,13.0,是,男,1.0,是,否,是,否,7.6,15.25,0.0,9.75,0.0,否,否,否,是,是,是,是,否,是,附加服务,否
883,23.0,31.0,,10.0,45.0,大学学位,0.0,是,男,2.0,是,否,否,否,5.0,11.75,0.0,0.0,0.0,是,否,否,是,否,否,否,否,是,电子服务,否
884,38.0,56.0,已婚,34.0,34.0,中学学历,0.0,是,女,3.0,否,否,否,是,7.8,0.0,0.0,0.0,24.65,是,否,否,是,是,是,是,是,否,附加服务,否
885,50.0,54.0,未婚,15.0,248.0,社区学院,28.0,是,女,1.0,是,否,是,是,11.05,17.25,0.0,5.5,29.15,是,否,否,否,是,是,是,否,否,附加服务,否
886,16.0,49.0,未婚,17.0,41.0,中学学历,5.0,是,男,1.0,是,是,否,是,4.1,14.0,39.15,0.0,31.8,否,是,是,是,否,否,是,否,否,总服务,否
887,14.0,34.0,已婚,4.0,27.0,大学学位,1.0,是,女,2.0,是,是,是,是,6.05,23.5,36.25,20.5,37.85,否,是,是,是,是,否,是,是,是,总服务,否
888,30.0,52.0,未婚,23.0,17.0,社区学院,3.0,是,,1.0,否,是,是,否,10.3,0.0,37.6,15.25,0.0,是,否,否,是,否,否,否,否,否,电子服务,是
889,,47.0,,0.0,44.0,大学学位,11.0,是,女,3.0,是,是,是,是,9.0,21.25,50.75,57.25,57.0,是,是,是,是,是,是,是,是,是,总服务,是
890,,55.0,已婚,12.0,135.0,中学学历,24.0,是,男,4.0,是,否,是,否,12.15,31.75,0.0,16.25,0.0,是,是,是,是,是,是,是,是,是,总服务,否
891,59.0,26.0,已婚,3.0,41.0,大学学位,1.0,是,女,3.0,否,是,是,是,12.65,0.0,35.1,46.75,29.15,是,否,否,是,否,否,否,否,否,电子服务,是
892,54.0,55.0,未婚,1.0,,社区学院,33.0,是,男,1.0,否,否,否,否,13.0,0.0,0.0,0.0,0.0,否,是,否,否,是,是,是,是,否,附加服务,否
893,9.0,40.0,未婚,13.0,38.0,大学学位,7.0,是,女,1.0,是,是,是,是,3.35,21.0,42.4,17.5,59.55,否,是,是,是,是,是,是,是,是,总服务,是
894,67.0,67.0,已婚,38.0,49.0,中学学历,10.0,是,女,2.0,否,是,是,否,14.3,0.0,29.25,25.25,0.0,是,否,否,是,否,否,否,否,是,电子服务,否
895,24.0,44.0,未婚,19.0,33.0,社区学院,0.0,是,女,2.0,否,是,否,否,4.65,0.0,26.65,0.0,0.0,否,否,否,否,否,否,否,是,是,基础服务,否
896,12.0,55.0,已婚,13.0,,未完成中学学历,5.0,是,女,2.0,否,是,否,否,5.95,0.0,26.55,0.0,0.0,是,否,否,是,否,否,否,否,否,电子服务,是
897,26.0,47.0,,13.0,54.0,社区学院,0.0,是,男,1.0,是,是,是,是,7.1,16.0,38.5,18.0,23.5,是,是,否,是,否,否,否,是,是,电子服务,否
898,3.0,32.0,未婚,4.0,58.0,中学学历,11.0,是,男,4.0,是,是,是,是,2.75,15.75,29.5,9.25,28.55,是,是,是,否,否,否,是,否,是,总服务,是
899,20.0,46.0,未婚,2.0,23.0,研究生学位,4.0,是,女,2.0,否,否,否,否,4.75,0.0,0.0,0.0,0.0,是,是,否,是,是,是,是,否,是,总服务,否
900,5.0,52.0,已婚,0.0,97.0,研究生学位,9.0,是,男,2.0,是,是,是,是,3.1,16.5,35.25,25.5,40.3,否,是,是,是,是,是,是,是,否,总服务,是
901,58.0,,未婚,19.0,,社区学院,,,女,1.0,是,是,是,是,7.3,29.5,51.2,22.0,62.8,是,是,是,是,是,是,是,是,是,总服务,是
902,54.0,28.0,已婚,2.0,21.0,社区学院,3.0,是,男,4.0,否,否,是,否,10.4,0.0,0.0,25.75,0.0,否,否,否,否,否,否,否,否,否,基础服务,否
903,52.0,39.0,,6.0,119.0,社区学院,,,女,1.0,是,否,是,否,10.5,25.0,0.0,8.25,0.0,否,否,是,否,否,否,否,否,是,基础服务,否
904,38.0,30.0,已婚,10.0,25.0,未完成中学学历,,,女,4.0,否,否,是,否,3.95,0.0,0.0,12.0,0.0,否,否,否,否,否,否,否,否,否,基础服务,否
905,19.0,46.0,,5.0,59.0,社区学院,17.0,是,男,1.0,是,否,否,否,5.6,9.0,0.0,0.0,0.0,否,否,否,否,是,否,否,是,否,基础服务,否
906,22.0,33.0,已婚,,24.0,未完成中学学历,3.0,是,男,4.0,否,否,否,否,7.1,0.0,0.0,0.0,0.0,否,否,否,否,否,否,否,否,是,基础服务,否
907,49.0,35.0,已婚,15.0,113.0,大学学位,4.0,是,男,5.0,否,否,否,否,16.1,0.0,0.0,0.0,0.0,是,否,否,否,否,否,否,否,是,电子服务,否
908,5.0,39.0,未婚,0.0,22.0,未完成中学学历,0.0,是,女,2.0,是,否,是,否,4.7,19.0,0.0,9.25,0.0,否,否,否,否,是,是,是,是,否,附加服务,否
909,18.0,69.0,未婚,28.0,,未完成中学学历,17.0,否,男,1.0,否,否,否,否,3.85,0.0,0.0,0.0,0.0,否,否,否,否,否,否,否,否,否,基础服务,否
910,43.0,29.0,未婚,4.0,33.0,未完成中学学历,13.0,是,女,4.0,是,否,是,是,22.05,18.75,0.0,7.5,24.95,是,否,否,否,是,是,是,是,否,附加服务,否
911,17.0,50.0,未婚,2.0,,研究生学位,19.0,是,男,1.0,是,是,否,是,6.95,21.25,37.95,0.0,36.65,是,是,是,是,否,是,是,是,是,总服务,是
912,37.0,33.0,未婚,4.0,41.0,社区学院,8.0,是,女,3.0,否,是,否,否,9.2,0.0,30.45,0.0,0.0,是,否,否,否,是,否,否,否,是,电子服务,是
913,8.0,39.0,未婚,0.0,39.0,未完成中学学历,7.0,是,女,1.0,是,否,否,否,3.15,10.75,0.0,0.0,0.0,否,否,否,否,否,否,否,否,否,基础服务,否
914,51.0,46.0,已婚,8.0,107.0,中学学历,21.0,是,女,6.0,是,否,是,是,17.3,25.75,0.0,23.0,37.4,是,否,是,否,是,是,是,是,否,附加服务,否
915,71.0,55.0,已婚,11.0,,未完成中学学历,31.0,是,女,3.0,是,否,是,否,17.8,44.25,0.0,32.0,0.0,是,是,否,否,是,是,是,是,否,附加服务,否
916,56.0,53.0,已婚,23.0,100.0,研究生学位,14.0,是,女,2.0,否,是,是,否,14.15,0.0,34.2,9.5,0.0,是,是,否,是,否,否,否,否,是,电子服务,否
917,,68.0,未婚,21.0,,中学学历,45.0,是,男,1.0,是,否,是,是,14.85,57.5,0.0,15.0,39.5,是,否,是,否,是,是,是,是,否,附加服务,否
918,62.0,53.0,未婚,14.0,360.0,社区学院,26.0,是,女,2.0,是,否,是,否,31.9,53.25,0.0,16.5,0.0,是,否,否,否,是,是,是,是,否,附加服务,否
919,50.0,52.0,已婚,22.0,,中学学历,27.0,是,女,2.0,是,是,是,是,12.85,24.25,49.2,14.25,42.85,是,是,是,否,是,是,是,是,是,总服务,否
920,,31.0,未婚,3.0,29.0,研究生学位,2.0,是,女,3.0,否,是,否,否,1.45,0.0,25.25,0.0,0.0,否,否,否,是,否,否,否,否,是,基础服务,是
921,15.0,26.0,未婚,1.0,,大学学位,,,男,2.0,否,是,否,否,7.4,0.0,35.4,0.0,0.0,是,是,否,是,是,否,是,否,是,总服务,是
922,72.0,55.0,,24.0,,社区学院,25.0,是,女,2.0,否,是,是,否,62.3,0.0,35.65,65.25,0.0,是,否,否,否,是,是,否,否,是,电子服务,否
923,69.0,47.0,已婚,10.0,159.0,中学学历,24.0,是,男,4.0,否,否,是,否,25.2,0.0,0.0,36.25,0.0,否,否,否,否,是,否,是,否,否,附加服务,是
924,32.0,44.0,未婚,,201.0,中学学历,24.0,是,男,1.0,是,否,是,否,7.65,28.0,0.0,18.5,0.0,否,否,是,否,是,是,是,是,否,附加服务,否
925,19.0,25.0,已婚,6.0,27.0,大学学位,0.0,是,女,2.0,是,否,是,否,9.55,20.5,0.0,34.75,0.0,否,是,否,否,是,是,是,是,否,附加服务,是
926,42.0,54.0,未婚,19.0,,社区学院,10.0,是,女,1.0,否,是,是,是,8.7,0.0,47.15,11.75,47.5,是,是,否,是,是,否,否,是,是,总服务,否
927,51.0,49.0,未婚,29.0,45.0,未完成中学学历,,是,男,1.0,否,否,是,否,15.7,0.0,0.0,8.5,0.0,否,否,否,否,否,是,否,否,否,基础服务,否
928,32.0,22.0,已婚,2.0,17.0,中学学历,2.0,是,女,4.0,是,否,是,否,4.8,28.0,0.0,19.0,0.0,否,是,否,否,是,是,是,是,否,附加服务,是
929,26.0,55.0,已婚,13.0,,未完成中学学历,26.0,是,男,2.0,是,否,是,否,4.25,29.0,0.0,12.0,0.0,否,否,否,否,是,是,是,是,否,附加服务,否
930,39.0,44.0,已婚,14.0,418.0,大学学位,18.0,是,男,2.0,是,否,是,否,7.05,27.5,0.0,17.5,0.0,否,是,是,否,是,是,是,是,否,总服务,否
931,72.0,53.0,未婚,12.0,152.0,中学学历,32.0,是,女,1.0,是,否,是,是,43.25,50.5,0.0,19.25,44.9,是,否,是,是,是,是,是,否,否,总服务,否
932,4.0,39.0,未婚,11.0,38.0,大学学位,1.0,是,男,2.0,是,否,是,是,2.8,22.75,0.0,13.75,30.2,否,是,是,是,是,是,是,是,否,总服务,是
933,54.0,50.0,已婚,5.0,151.0,大学学位,20.0,是,男,3.0,是,否,是,是,21.95,40.25,0.0,25.75,21.8,是,否,否,否,是,是,是,是,否,附加服务,否
934,34.0,40.0,已婚,21.0,23.0,大学学位,,,女,3.0,是,是,是,是,5.95,25.75,45.4,16.75,37.7,是,否,是,是,是,是,是,是,是,总服务,否
935,20.0,25.0,,4.0,33.0,大学学位,0.0,是,女,,是,否,是,是,4.55,16.0,0.0,19.25,27.05,否,否,否,是,是,否,是,否,是,基础服务,否
936,14.0,49.0,未婚,,26.0,,8.0,是,男,1.0,否,否,是,否,6.5,0.0,0.0,14.5,0.0,否,否,否,否,否,否,否,否,否,基础服务,否
937,61.0,59.0,未婚,26.0,89.0,未完成中学学历,,,女,1.0,是,否,是,否,17.35,35.0,0.0,29.25,0.0,否,否,否,否,是,是,否,是,否,附加服务,否
938,4.0,24.0,未婚,2.0,,大学学位,0.0,是,男,1.0,否,否,是,否,3.75,0.0,0.0,15.75,0.0,否,是,否,是,否,是,否,否,否,基础服务,是
939,16.0,48.0,未婚,25.0,59.0,中学学历,13.0,是,男,2.0,是,否,是,否,7.85,20.25,0.0,14.0,0.0,否,否,否,否,是,是,是,是,否,附加服务,是
940,13.0,41.0,未婚,9.0,55.0,中学学历,12.0,是,女,3.0,否,否,否,否,4.85,0.0,0.0,0.0,0.0,否,否,否,否,否,否,否,否,是,基础服务,否
941,53.0,37.0,已婚,,25.0,社区学院,6.0,是,女,2.0,否,是,是,否,9.95,0.0,28.65,23.5,0.0,是,否,否,是,否,否,否,否,是,电子服务,是
942,58.0,36.0,已婚,13.0,39.0,中学学历,8.0,是,女,7.0,是,否,是,是,16.4,38.25,0.0,55.5,57.05,是,是,是,是,是,是,是,是,是,总服务,是
943,25.0,38.0,已婚,19.0,56.0,未完成中学学历,19.0,是,女,2.0,否,是,是,是,10.55,0.0,31.95,32.75,23.65,否,是,否,否,是,否,否,是,否,附加服务,否
944,71.0,61.0,已婚,19.0,155.0,社区学院,,是,男,2.0,是,否,是,否,23.9,27.5,0.0,15.0,0.0,是,否,否,否,是,是,是,是,否,附加服务,否
945,22.0,33.0,已婚,13.0,119.0,研究生学位,0.0,是,女,4.0,是,是,否,是,4.3,23.25,51.6,0.0,60.35,是,是,是,是,是,是,否,是,是,总服务,是
946,46.0,48.0,,15.0,64.0,社区学院,20.0,是,男,2.0,是,是,是,是,10.2,26.5,40.2,11.5,23.2,否,否,否,否,是,是,是,是,是,附加服务,否
947,66.0,50.0,已婚,2.0,,研究生学位,24.0,是,男,2.0,否,否,是,否,10.3,0.0,0.0,14.25,0.0,是,否,是,是,否,否,否,否,否,电子服务,否
948,69.0,58.0,已婚,29.0,26.0,中学学历,7.0,是,女,3.0,是,是,是,是,32.65,33.0,54.0,29.25,50.65,是,是,是,是,是,是,是,是,否,总服务,否
949,38.0,49.0,已婚,3.0,33.0,大学学位,11.0,是,男,4.0,否,是,否,是,6.85,0.0,42.1,0.0,25.15,是,否,否,是,否,是,否,是,是,电子服务,否
950,16.0,35.0,,7.0,46.0,,,,男,1.0,否,是,否,否,5.1,0.0,27.15,0.0,0.0,否,否,否,否,否,否,否,否,是,基础服务,否
951,44.0,,已婚,,41.0,中学学历,8.0,是,,,是,否,是,否,7.55,16.25,0.0,10.25,0.0,否,是,是,是,是,是,是,是,是,总服务,否
952,50.0,50.0,未婚,,31.0,未完成中学学历,8.0,是,男,1.0,否,否,是,否,11.95,0.0,0.0,28.25,0.0,否,否,否,否,否,否,是,是,否,附加服务,否
953,10.0,23.0,未婚,1.0,29.0,大学学位,0.0,是,女,1.0,是,是,是,是,4.95,32.0,53.25,35.75,50.45,是,是,是,是,是,是,是,是,是,总服务,否
954,7.0,41.0,未婚,6.0,94.0,中学学历,16.0,是,男,1.0,是,是,是,是,3.85,28.0,37.65,9.0,41.4,是,是,是,否,是,是,是,是,是,总服务,否
955,71.0,,未婚,25.0,288.0,社区学院,19.0,是,,,否,否,是,否,30.9,0.0,0.0,19.75,0.0,否,否,否,否,否,否,是,否,否,基础服务,否
956,16.0,39.0,已婚,,31.0,未完成中学学历,4.0,是,女,5.0,否,否,否,否,5.0,0.0,0.0,0.0,0.0,否,否,否,否,否,否,否,否,否,基础服务,否
957,6.0,20.0,未婚,0.0,,中学学历,0.0,是,女,2.0,是,否,是,否,1.9,20.75,0.0,15.5,0.0,否,否,否,否,是,是,是,是,否,附加服务,否
958,46.0,55.0,未婚,,269.0,中学学历,35.0,是,男,1.0,是,否,是,否,10.1,39.0,0.0,18.0,0.0,否,否,是,否,是,是,是,是,否,附加服务,否
959,51.0,49.0,已婚,13.0,203.0,社区学院,27.0,是,男,4.0,是,否,是,否,17.6,22.0,0.0,21.75,0.0,否,是,否,否,是,是,是,是,否,附加服务,否
960,5.0,34.0,未婚,12.0,22.0,中学学历,2.0,是,男,2.0,是,是,否,是,3.6,12.5,28.5,0.0,19.3,否,是,否,否,否,是,是,否,是,基础服务,是
961,49.0,54.0,已婚,23.0,25.0,,1.0,是,女,4.0,否,否,是,否,14.65,0.0,0.0,41.25,0.0,否,否,否,否,否,否,否,否,否,基础服务,否
962,49.0,51.0,已婚,14.0,,研究生学位,16.0,是,男,2.0,否,否,否,否,12.25,0.0,0.0,0.0,0.0,是,否,否,是,否,是,否,否,是,电子服务,否
963,26.0,30.0,已婚,,76.0,社区学院,7.0,是,男,2.0,否,是,否,否,9.45,0.0,29.2,0.0,0.0,否,否,是,否,否,否,否,否,是,基础服务,否
964,22.0,39.0,未婚,4.0,55.0,中学学历,17.0,是,女,1.0,是,否,是,是,5.4,38.75,0.0,17.75,50.2,否,是,是,是,是,是,是,是,是,总服务,是
965,51.0,45.0,已婚,4.0,46.0,社区学院,6.0,是,男,2.0,是,是,是,是,20.7,34.75,48.65,32.25,48.65,是,是,是,是,是,是,是,是,否,总服务,否
966,19.0,27.0,,7.0,56.0,,,,男,4.0,否,是,是,是,4.75,0.0,46.3,21.75,37.7,是,是,是,是,是,是,是,是,是,总服务,是
967,9.0,36.0,未婚,1.0,79.0,社区学院,11.0,是,女,5.0,是,是,是,是,5.8,27.75,33.75,30.75,25.9,否,是,否,否,是,是,是,是,否,附加服务,是
968,15.0,25.0,已婚,0.0,51.0,社区学院,2.0,是,女,2.0,否,否,否,否,3.15,0.0,0.0,0.0,0.0,否,否,否,否,否,否,否,否,否,基础服务,否
969,57.0,63.0,未婚,19.0,61.0,未完成中学学历,27.0,是,男,1.0,是,否,是,否,12.7,38.25,0.0,33.75,0.0,否,否,否,否,是,是,是,是,否,附加服务,否
970,48.0,45.0,未婚,15.0,41.0,未完成中学学历,10.0,是,女,2.0,否,否,否,否,10.2,0.0,0.0,0.0,0.0,否,否,否,否,否,否,否,否,否,基础服务,否
971,9.0,53.0,已婚,20.0,50.0,,,,,2.0,否,是,否,否,3.1,0.0,21.35,0.0,0.0,否,否,否,否,否,否,否,否,是,基础服务,是
972,61.0,52.0,未婚,21.0,82.0,未完成中学学历,18.0,是,男,1.0,否,否,是,否,12.1,0.0,0.0,15.75,0.0,否,否,否,否,是,否,是,是,否,附加服务,否
973,72.0,53.0,未婚,34.0,,未完成中学学历,23.0,是,男,1.0,是,否,是,是,32.55,35.5,0.0,14.75,40.75,是,否,否,否,是,是,是,是,否,附加服务,否
974,57.0,60.0,未婚,20.0,14.0,中学学历,27.0,否,女,1.0,是,否,是,否,16.1,14.0,0.0,11.75,0.0,否,否,否,否,否,是,是,是,否,附加服务,否
975,57.0,51.0,未婚,10.0,,未完成中学学历,13.0,是,男,1.0,否,否,是,否,15.1,0.0,0.0,7.5,0.0,是,否,否,是,否,否,否,是,否,电子服务,否
976,37.0,60.0,已婚,0.0,46.0,,,,男,3.0,是,否,是,否,8.8,37.75,0.0,22.0,0.0,否,否,否,否,是,是,是,是,否,附加服务,否
977,45.0,51.0,未婚,,146.0,大学学位,16.0,是,男,2.0,否,否,是,否,20.25,0.0,0.0,37.75,0.0,否,否,否,否,否,否,否,否,是,基础服务,否
978,45.0,39.0,已婚,15.0,36.0,未完成中学学历,11.0,是,女,5.0,否,否,是,否,15.2,0.0,0.0,14.25,0.0,否,否,否,是,否,否,否,否,否,基础服务,否
979,55.0,44.0,未婚,24.0,83.0,未完成中学学历,23.0,是,女,1.0,是,否,是,否,17.35,24.5,0.0,14.25,0.0,否,否,否,否,否,否,是,是,否,附加服务,否
980,24.0,27.0,未婚,2.0,17.0,社区学院,3.0,是,,5.0,是,否,否,否,5.2,18.5,0.0,0.0,0.0,是,是,否,否,否,是,否,否,否,电子服务,是
981,1.0,20.0,未婚,1.0,,社区学院,0.0,是,男,1.0,否,是,否,是,4.2,0.0,34.05,0.0,16.85,否,是,否,是,否,否,否,是,是,基础服务,是
982,34.0,23.0,已婚,3.0,24.0,未完成中学学历,7.0,是,女,4.0,是,否,是,否,6.0,28.0,0.0,12.75,0.0,否,否,否,否,否,是,是,是,否,附加服务,否
983,14.0,37.0,已婚,5.0,48.0,社区学院,1.0,是,女,4.0,是,否,否,否,4.9,14.5,0.0,0.0,0.0,否,否,否,否,否,否,否,否,否,基础服务,否
984,6.0,32.0,未婚,,47.0,未完成中学学历,10.0,是,男,,是,否,是,否,3.85,23.75,0.0,12.5,0.0,否,否,否,否,是,是,是,是,否,附加服务,否
985,24.0,30.0,未婚,,25.0,大学学位,5.0,是,男,2.0,是,否,是,是,8.7,47.75,0.0,32.75,64.0,否,是,是,是,是,是,是,是,是,总服务,是
986,3.0,26.0,已婚,6.0,59.0,大学学位,0.0,是,女,3.0,是,是,是,是,2.55,23.5,29.6,10.75,19.2,否,是,是,否,是,否,是,是,否,总服务,是
987,4.0,30.0,未婚,1.0,45.0,大学学位,6.0,是,男,3.0,否,是,是,否,3.65,0.0,34.2,29.0,0.0,否,是,否,是,是,否,是,是,是,总服务,是
988,72.0,40.0,已婚,19.0,163.0,大学学位,,,男,2.0,是,否,是,否,39.0,31.25,0.0,14.75,0.0,是,否,否,否,否,否,否,是,是,电子服务,否
989,44.0,56.0,未婚,4.0,63.0,中学学历,6.0,是,女,1.0,是,否,否,否,7.5,20.25,0.0,0.0,0.0,是,否,否,否,是,是,否,否,否,附加服务,是
990,50.0,43.0,未婚,6.0,27.0,社区学院,4.0,是,男,1.0,是,否,是,否,15.0,45.25,0.0,52.75,0.0,否,否,否,否,是,是,是,是,否,附加服务,否
991,61.0,50.0,已婚,16.0,,中学学历,22.0,是,女,2.0,否,是,是,是,16.85,0.0,42.55,26.5,44.1,是,否,否,是,否,否,是,否,是,电子服务,否
992,34.0,52.0,已婚,2.0,106.0,中学学历,19.0,是,男,2.0,是,否,是,否,4.95,19.0,0.0,13.5,0.0,否,否,否,是,是,否,是,是,否,附加服务,否
993,26.0,54.0,已婚,30.0,,社区学院,1.0,是,女,2.0,是,否,是,是,5.2,23.5,0.0,23.75,39.25,否,否,是,否,是,是,是,是,是,总服务,是
994,15.0,46.0,已婚,,63.0,研究生学位,1.0,是,男,2.0,是,是,否,是,3.7,16.5,42.5,0.0,33.1,是,是,是,是,是,否,是,是,是,总服务,是
995,10.0,39.0,未婚,0.0,27.0,,0.0,是,女,3.0,否,是,否,否,3.0,0.0,29.05,0.0,0.0,否,否,否,否,否,否,否,否,是,基础服务,否
996,7.0,34.0,,2.0,22.0,研究生学位,5.0,是,女,1.0,否,是,否,否,4.65,0.0,25.6,0.0,0.0,否,否,否,否,否,否,否,否,否,基础服务,否
997,67.0,59.0,未婚,40.0,944.0,研究生学位,33.0,是,女,1.0,是,是,是,是,26.75,32.0,54.55,35.75,65.8,是,是,是,是,是,是,是,是,是,总服务,否
998,70.0,49.0,未婚,18.0,87.0,中学学历,22.0,是,女,1.0,是,否,是,否,25.6,33.5,0.0,25.25,0.0,否,是,否,否,是,是,是,是,否,附加服务,否
999,50.0,36.0,已婚,7.0,39.0,社区学院,3.0,是,女,3.0,否,是,是,否,13.15,0.0,33.6,16.25,0.0,是,否,否,是,否,否,否,否,是,电子服务,是
